sweetness,body,carbonation,flavor,alcohol,acidity,aroma_intensity,finish,bti_code,is_hard
6.86,7.84,6.62,1.88,4.45,3.22,6.6,6.03,SHFCL,0
8.06,2.8,4.54,2.41,8.02,3.87,3.45,3.13,SLMCL,1
8.39,3.29,1.08,6.07,4.55,3.42,6.13,5.53,SLMUL,0
3.0,8.57,7.88,2.59,5.01,4.92,4.13,4.33,DHFCL,0
2.61,3.08,7.29,5.49,9.85,5.18,3.51,6.16,DLFUH,0
2.9,8.06,1.88,3.49,5.69,7.15,5.79,7.05,DHMCL,0
8.11,0.62,8.28,2.48,9.21,4.65,4.76,6.95,SLFCH,0
2.41,7.96,7.55,3.84,9.01,1.93,6.22,4.19,DHFCH,0
3.95,6.19,6.37,7.02,4.74,8.0,6.5,6.42,DHFUL,0
2.86,8.86,8.04,7.04,8.81,4.15,4.94,5.26,DHFUH,0
7.32,2.75,3.16,7.16,9.52,3.36,2.98,2.75,SLMUH,0
7.85,8.35,2.05,7.07,5.02,5.81,4.98,6.46,SHMUL,0
3.26,1.15,7.75,7.32,9.27,6.94,3.9,2.91,DLFUH,0
7.43,5.74,6.58,1.22,9.42,5.31,4.25,6.17,SHFCH,0
6.8,4.33,7.45,6.36,9.33,5.87,5.86,4.66,SLFUH,1
7.27,6.34,2.98,2.11,8.9,5.75,3.28,6.16,SHMCH,1
3.06,6.9,3.07,0.45,9.76,1.3,4.66,6.28,DHMCH,0
7.21,2.31,1.39,3.08,5.31,2.76,6.05,8.08,SLMCL,0
7.73,3.35,6.97,9.4,4.77,3.69,3.51,2.4,SLFUL,0
6.52,6.86,2.6,7.28,5.43,6.96,3.54,3.9,SHMUL,0
2.34,1.44,5.66,6.52,5.29,6.21,7.22,5.56,DLFUL,1
8.31,7.35,2.11,2.64,4.51,3.28,3.59,4.05,SHMCL,0
3.08,4.95,2.65,7.03,5.02,4.63,1.94,6.68,DHMUL,1
4.89,2.38,7.61,7.15,8.41,4.13,6.06,4.69,SLFUH,1
6.15,6.3,1.46,7.06,5.56,5.87,5.78,3.35,SHMUL,0
7.47,2.88,2.9,7.13,4.56,8.18,6.5,6.23,SLMUL,0
2.12,4.49,2.51,8.22,8.98,6.03,2.82,4.31,DLMUH,1
6.94,8.8,6.76,3.51,4.18,6.61,4.39,3.46,SHFCL,0
7.8,8.36,1.63,2.24,9.87,7.23,3.84,4.27,SHMCH,1
1.81,8.22,2.12,7.22,5.37,2.56,7.4,5.27,DHMUL,0
1.04,2.27,5.63,7.52,9.05,3.49,7.66,6.27,DLMUH,0
1.63,4.5,7.56,2.75,3.93,4.02,5.32,3.46,DLFCL,0
2.97,8.01,4.0,5.79,4.72,6.27,7.32,5.36,DHMUL,0
3.66,1.79,5.9,7.47,5.78,5.24,4.7,3.69,DLFUL,0
2.68,2.74,5.07,8.15,9.59,5.85,3.07,4.53,DLFUH,0
1.67,6.84,4.47,6.49,10.0,4.13,4.3,1.5,DHFUH,0
7.49,6.93,1.97,2.79,8.91,5.68,4.29,5.19,SHMCH,0
8.31,0.89,6.78,3.07,9.53,7.12,2.88,8.53,SLFCH,0
7.51,1.68,6.19,6.91,10.0,6.26,3.54,4.53,SLFUH,0
2.07,2.37,7.0,7.64,9.35,4.51,5.44,7.99,DLFUL,1
3.65,1.25,7.24,6.57,4.84,7.41,2.87,2.57,DLFUL,0
6.12,7.26,7.71,8.42,4.32,5.6,5.02,5.52,SHFUL,0
3.42,7.03,7.78,6.89,10.0,4.11,7.1,3.43,DHFUH,0
2.24,6.81,3.88,2.34,5.77,5.09,5.06,4.87,DHMCL,0
2.65,6.21,2.62,4.64,4.91,7.18,4.32,6.7,DHMCL,1
9.7,2.48,1.81,7.33,5.06,4.77,4.95,2.83,SLMUL,0
3.41,6.78,7.72,2.93,4.61,3.99,6.35,6.2,DHFCL,1
4.95,7.7,2.36,1.05,9.86,5.06,4.38,6.92,DHMCH,1
2.37,9.23,1.89,3.26,9.79,3.4,5.32,5.01,DHMCH,0
6.54,2.35,2.33,6.93,4.89,5.09,6.33,4.85,SLMUL,0
1.79,2.91,2.42,6.12,10.0,4.28,7.39,2.9,DLMUH,0
8.02,7.82,8.1,3.05,10.0,3.88,2.57,3.42,SHFCH,0
2.26,3.02,7.09,2.54,9.95,5.12,7.26,6.69,DLFCH,0
3.3,8.85,2.9,4.86,8.75,5.7,4.45,4.16,DHMUH,0
8.49,7.62,2.62,7.71,8.48,5.59,5.24,6.34,SHMUH,0
7.27,3.33,9.21,9.5,5.71,5.04,4.67,5.86,SLFUL,0
7.46,5.21,6.87,8.15,4.13,3.74,4.59,6.17,SLFUL,1
3.3,1.0,7.07,5.41,9.55,6.86,6.02,2.57,DLFUH,1
7.07,0.07,3.97,5.29,9.97,5.63,3.94,4.31,SLMUH,1
5.44,10.0,5.24,1.6,8.88,4.68,2.42,5.44,SHFCH,1
3.71,3.61,5.91,2.8,5.61,2.51,4.99,5.41,DLFCL,0
8.29,8.71,6.89,6.98,4.86,4.78,3.49,6.9,SHFUL,0
8.63,6.79,3.09,7.7,3.97,7.85,2.84,5.63,SHMUL,0
7.55,3.33,8.22,8.87,5.97,5.31,5.86,4.77,SLFUL,1
8.06,0.79,7.28,4.28,8.07,2.3,7.84,6.02,SLFCL,1
5.91,1.75,3.67,1.64,9.25,5.79,3.33,4.84,SLMCH,1
7.87,7.42,7.38,8.57,9.48,5.06,5.22,7.75,SHFUH,1
1.51,7.44,7.51,3.64,5.72,4.51,4.68,6.0,DHFCL,0
3.34,1.6,3.43,2.88,8.11,4.94,4.02,5.67,DLMCL,1
6.07,6.04,2.17,5.04,8.74,3.86,1.42,1.72,SHMCH,1
1.16,6.19,3.92,2.85,8.62,4.42,6.34,5.34,DHFCH,1
0.78,6.68,7.24,9.76,10.0,6.93,3.81,3.98,DHFUH,0
7.56,5.61,1.92,5.24,9.67,7.82,5.86,7.17,SHMUH,1
3.09,9.04,5.65,2.13,5.22,4.06,5.04,4.1,DHMCL,1
3.01,7.64,7.1,2.17,7.71,5.63,4.86,4.01,DHFCL,1
2.55,2.03,2.96,3.2,5.08,6.14,5.34,5.8,DLMCL,0
5.6,8.53,2.21,7.75,9.31,5.69,4.44,7.47,SHMUH,1
2.76,2.98,0.76,3.43,5.27,3.33,4.29,5.4,DLMCL,0
2.1,7.6,2.08,7.07,8.89,3.27,5.09,5.46,DHMUH,0
6.78,2.55,4.59,6.65,9.35,5.7,3.86,2.51,SLMUH,1
2.42,2.44,8.8,6.42,8.34,5.92,5.0,5.17,DLFUL,1
5.79,7.11,10.0,2.09,9.77,3.85,5.79,6.31,SHFCH,1
1.88,1.31,6.44,0.67,5.44,7.71,7.14,2.56,DLFCL,0
2.5,9.22,0.18,0.5,4.67,5.02,6.04,5.71,DHMCL,0
3.3,4.72,7.44,7.56,6.01,5.87,5.12,4.95,SHFUL,1
3.96,2.57,3.31,5.85,5.88,6.18,4.94,5.97,DLMUL,0
1.57,2.29,1.55,2.16,5.5,2.41,5.65,5.36,DLMCL,0
3.07,7.6,8.57,2.44,9.53,5.76,4.01,3.94,DHFCH,0
7.49,0.15,7.95,8.65,5.22,5.88,4.38,2.21,SLFUL,0
3.25,7.73,4.46,1.27,7.64,7.23,3.41,3.02,DHMCL,1
3.41,1.3,7.21,1.91,5.1,4.04,4.59,4.65,DLFCL,0
6.24,7.53,3.53,1.99,5.21,6.78,4.77,5.83,SHMCL,1
2.21,7.04,0.34,8.18,8.76,5.09,3.79,4.42,DHMUH,0
6.29,2.8,2.66,3.46,9.42,6.19,4.74,5.65,SLMCH,0
8.28,3.1,6.95,5.63,7.03,4.5,5.01,5.25,SLFUL,1
3.11,2.9,1.39,3.24,8.9,3.18,4.21,5.51,DLMCH,1
3.23,1.18,7.5,7.74,5.69,2.62,5.05,3.37,DLFUL,0
1.97,1.15,5.23,3.68,9.35,3.89,6.85,4.12,DLFCH,1
2.01,0.69,6.9,1.41,4.13,7.58,5.41,5.57,DLFCL,0
5.43,3.16,8.98,2.3,9.26,5.11,4.06,4.14,SLFCH,1
7.7,7.68,2.43,6.47,9.06,4.41,8.1,2.98,SHMUH,0
1.07,9.14,2.48,2.82,9.26,2.5,4.79,5.5,DHMCH,0
8.73,1.69,6.11,3.44,5.3,4.07,2.63,3.88,SLFCL,0
8.37,2.48,4.56,9.18,9.32,3.77,3.31,4.5,SLFUH,0
1.08,7.94,2.96,0.97,5.14,6.1,5.56,5.95,DHMCL,0
2.18,2.33,1.12,7.41,5.18,7.78,5.13,1.5,DLMUL,0
1.48,2.99,6.22,8.81,9.75,3.76,6.21,8.36,DLFUH,0
8.88,8.03,7.42,3.29,8.81,2.23,5.65,3.49,SHFCH,0
1.82,7.49,8.43,1.73,5.99,3.97,3.98,7.31,DHFCL,0
2.08,2.84,2.52,3.27,9.9,5.25,2.95,7.69,DLMCH,0
1.2,6.33,1.81,4.39,8.28,4.98,5.47,4.58,DHMCH,1
4.63,7.18,4.04,0.75,5.06,6.87,3.37,5.5,SHMCL,1
8.18,2.63,3.17,3.25,9.6,4.67,7.3,4.28,SLMCH,0
2.89,3.05,7.66,3.52,5.47,4.86,4.3,4.06,DLFCL,1
1.06,3.59,2.4,3.66,9.38,4.8,3.18,6.14,DLMCH,0
5.87,3.52,0.0,7.1,10.0,4.51,5.13,6.14,SLMUH,0
2.28,2.74,2.68,1.42,5.05,5.34,8.78,7.82,DLMCL,0
1.1,3.55,7.44,5.23,9.61,4.39,4.16,3.89,DLFUH,0
2.5,8.55,3.69,2.7,4.7,5.73,4.21,5.0,DHMCL,0
7.26,7.94,3.13,2.89,9.39,3.9,6.65,5.52,SHMCH,0
6.45,8.08,8.1,1.6,4.84,2.21,4.26,5.6,SHFCL,0
7.8,9.11,3.71,7.87,4.41,6.59,2.75,7.4,SHMUL,0
1.78,3.21,5.26,1.75,9.01,5.12,4.7,4.79,DLFCH,0
3.27,2.94,2.96,7.78,5.03,6.04,6.4,6.37,DLMUL,0
6.39,3.22,0.0,8.17,8.38,4.21,3.03,4.68,SLMUH,0
1.5,7.39,2.46,1.14,8.05,3.89,6.39,5.05,DHMCL,1
8.86,1.46,1.79,5.81,6.53,4.39,2.09,4.53,SLMCL,1
2.8,8.39,2.01,2.31,4.57,1.02,2.93,2.28,DHMCL,0
6.63,7.45,3.69,5.26,4.85,4.68,4.01,4.49,SHFUL,1
5.29,7.92,6.6,3.19,9.05,3.52,5.23,8.54,SHFCH,0
3.22,3.35,7.27,7.3,9.11,5.25,4.21,4.35,DLFUH,0
7.31,6.95,8.08,7.59,8.89,7.21,6.64,7.38,SHFUH,0
6.74,7.37,6.83,2.48,8.88,3.08,6.83,3.55,SHFCH,0
5.72,3.91,7.66,2.46,8.88,6.15,5.0,3.97,SLFCH,0
4.97,1.93,6.32,2.31,10.0,5.27,7.24,3.88,DLFCH,1
7.19,3.17,3.75,1.46,10.0,5.1,8.74,4.45,SLMCH,1
2.33,4.61,0.67,8.0,9.15,4.04,4.58,6.0,DLMUH,1
8.4,2.77,4.74,8.93,4.82,4.52,5.7,3.74,SLMUL,0
1.79,8.07,7.28,7.71,9.55,3.82,4.61,5.22,DHFUH,0
4.92,5.46,7.61,1.41,5.2,7.42,4.26,5.59,SHFCL,1
3.84,6.44,7.48,7.55,9.67,6.04,5.13,6.64,DHFUH,1
7.19,1.9,9.21,2.72,5.48,5.19,4.12,5.02,SLFCL,0
9.75,9.74,4.13,3.78,9.45,6.75,4.86,2.67,SHMCH,0
8.55,5.71,5.23,8.2,3.92,5.64,4.69,5.19,SLFUL,0
2.25,6.5,6.92,8.11,8.08,4.42,6.75,4.74,DHFUH,1
6.78,6.63,6.79,3.32,9.21,8.37,5.62,3.48,SHFCH,0
2.36,2.42,2.16,2.01,10.0,7.08,5.67,4.84,DLMCH,0
1.3,6.88,3.81,7.73,9.35,3.81,2.94,6.7,DHMUH,0
7.73,4.14,8.69,2.13,9.9,2.5,4.32,6.57,SLFCH,1
1.7,2.71,7.89,4.7,8.75,5.3,5.73,4.61,DLFCL,1
2.98,2.95,3.17,2.4,4.75,4.88,2.47,2.83,DLMCL,0
7.21,2.82,5.44,6.74,5.03,3.53,4.38,4.61,SLMUL,1
5.03,1.28,6.68,1.35,9.25,5.65,5.18,7.96,SLFCH,1
3.54,5.87,2.09,2.39,4.9,2.66,6.45,7.28,DHMCL,1
7.22,0.96,4.62,5.28,4.97,7.65,5.8,3.63,SLFUL,1
5.21,5.82,6.71,7.6,4.42,2.51,6.23,4.29,SHFUL,1
7.92,3.76,6.94,2.51,3.57,5.78,1.67,7.2,SLFCL,1
2.32,1.8,1.52,7.01,10.0,5.22,3.81,2.26,DLMUH,0
4.65,7.29,2.97,4.29,9.0,5.16,1.59,4.55,DHMUH,1
7.22,6.53,7.22,2.73,5.19,7.82,4.0,4.89,SHFCL,0
5.85,1.22,2.08,1.98,5.49,5.36,2.34,5.77,SLMCL,0
1.93,2.31,1.49,3.33,10.0,6.11,5.81,5.11,DLMCH,0
1.98,1.69,3.79,3.26,9.08,5.06,4.55,3.31,DLMCH,0
2.32,1.21,7.29,2.86,9.45,2.67,7.83,6.51,DLFCH,0
3.1,3.56,1.39,8.53,8.63,3.47,3.85,5.17,DLMUH,1
7.68,8.66,3.34,7.37,8.4,6.07,5.22,5.64,SHMUH,0
7.73,1.71,3.4,1.88,8.98,4.19,6.61,4.8,SLMCH,0
2.81,7.87,3.86,8.66,5.46,2.87,3.96,3.49,DHMUL,0
1.52,1.15,2.27,1.74,9.62,2.9,6.22,5.17,DLMCH,0
0.37,6.48,8.03,2.61,5.11,7.93,3.1,4.96,DHFCL,0
6.74,3.59,9.71,2.38,3.68,4.18,6.85,5.83,SLFCL,0
6.5,1.22,6.92,7.63,9.05,4.5,2.17,4.44,SLFUH,0
1.93,7.72,8.43,6.34,5.01,3.33,3.52,4.16,DHFUL,0
2.04,8.1,8.64,5.2,9.22,4.38,5.88,3.98,DHFCH,0
5.93,6.78,1.92,2.13,4.17,4.06,3.91,6.16,SHMCL,0
9.32,0.98,8.53,1.48,5.06,4.64,3.56,3.53,SLFCL,0
6.24,2.71,2.35,3.05,9.42,5.31,2.83,5.74,SLMCH,1
2.75,7.83,3.74,3.72,9.23,5.29,2.2,5.15,DHMCH,0
2.16,5.82,8.34,1.26,9.37,5.97,6.26,2.34,DHFCH,0
1.29,8.14,7.25,5.12,8.12,4.64,4.29,6.43,DHFCH,1
1.22,7.3,7.71,7.89,10.0,5.87,5.82,3.81,DHFUH,0
2.82,2.4,4.59,4.07,5.23,3.86,3.33,6.79,DLMCL,0
3.76,6.65,7.0,9.31,5.14,4.6,6.08,6.51,DHFUL,0
0.85,6.83,6.0,0.81,9.57,5.84,5.66,5.9,DHFCH,0
9.34,7.3,2.88,2.71,5.71,3.86,4.16,4.97,SHMCL,1
3.18,1.25,1.58,9.05,9.67,4.13,4.81,6.63,DLMUH,0
6.57,1.5,7.54,2.67,3.89,4.73,5.02,4.68,SLFCL,0
8.65,1.16,3.64,7.53,9.02,5.06,4.5,2.21,SLFUL,1
3.14,9.04,5.43,3.84,8.87,3.38,6.13,2.74,DHFCH,1
8.28,4.01,6.51,5.87,5.1,6.4,5.59,5.69,SLFUL,1
2.85,3.97,6.12,6.59,5.0,5.02,5.6,4.36,DLMUL,1
2.99,7.39,8.05,2.73,5.72,5.11,4.75,6.64,DHFCL,0
8.15,6.01,2.55,2.38,5.7,4.73,3.96,4.24,SHMCL,0
4.19,3.6,6.44,8.3,5.54,5.47,6.7,5.28,DLFUL,0
4.46,3.4,0.69,5.11,9.16,7.24,5.04,6.59,DLMCH,0
7.57,8.6,1.7,8.59,9.56,8.49,5.48,4.85,SHMUH,0
6.08,6.68,7.59,1.32,4.93,6.59,3.05,4.69,SHFCL,0
7.28,4.81,5.52,6.64,8.76,6.71,6.5,4.27,SLFUH,1
1.38,6.26,0.45,6.4,8.95,4.31,7.54,4.6,DHMUH,0
6.42,7.0,6.41,7.21,4.72,4.51,6.42,3.82,SHFUL,1
1.65,2.21,1.04,1.91,5.19,6.81,3.91,4.02,DLMCL,0
2.11,1.12,3.14,2.28,4.12,3.48,5.47,6.26,DLMCL,0
9.3,9.58,2.59,1.68,9.32,6.31,4.23,5.36,SHMCH,0
6.88,6.43,2.15,1.4,5.19,3.27,6.07,3.23,SHMCL,0
3.8,3.45,6.15,3.36,9.81,2.49,1.9,6.56,DLFCH,0
7.08,2.46,1.2,2.49,8.85,4.41,6.39,5.38,SLMCH,0
6.77,1.28,1.09,5.16,4.37,5.94,2.6,2.95,SLMUL,0
3.81,2.93,5.9,7.71,9.54,4.17,4.3,5.58,DLFUH,1
8.11,2.29,5.65,2.04,5.25,3.36,5.95,6.36,SLFCL,0
7.39,2.61,8.35,3.88,5.0,6.22,3.95,6.15,SLFCL,0
6.81,1.82,8.95,8.27,4.77,4.84,4.85,5.05,SLFUL,0
2.5,5.13,2.25,7.29,5.25,5.87,3.76,6.08,DLMUL,1
8.15,2.16,0.63,7.44,8.75,7.49,4.13,6.02,SLMUH,0
0.84,2.49,6.55,6.45,9.66,4.18,3.17,6.99,DLFUH,0
3.04,6.79,3.87,2.02,9.55,5.0,5.61,7.43,DHMCL,1
1.91,2.42,6.12,7.98,8.2,3.01,6.09,4.92,DLFUL,1
7.06,2.02,3.29,4.0,4.72,4.36,5.47,4.63,SLMCL,0
7.25,9.14,7.36,2.34,8.76,2.55,4.75,5.54,SHFCH,0
7.13,6.7,8.3,0.86,8.7,4.11,6.02,6.85,SHFCH,0
5.15,2.72,2.9,6.12,4.81,3.35,6.0,5.02,SLMUL,1
7.92,3.09,4.22,2.18,9.11,2.75,7.33,5.63,SLMCH,0
6.81,3.43,4.64,2.71,10.0,6.55,4.09,5.04,SLMCH,0
4.99,2.07,1.93,5.73,5.84,6.45,8.63,2.92,DLMUL,0
6.63,7.59,1.6,7.17,6.29,5.14,3.22,5.27,SHMUL,0
8.5,2.54,2.44,5.56,9.54,6.27,4.65,6.76,SLMUH,0
6.39,5.74,6.85,6.05,4.63,6.12,4.44,5.53,SHFUL,0
7.41,6.27,9.06,8.65,4.98,3.27,7.3,4.45,SHFUL,0
5.94,2.39,8.32,6.12,9.66,6.18,2.24,4.59,SLFUH,0
3.28,3.81,9.36,7.28,9.7,5.09,7.6,1.83,DLFUH,1
1.4,4.73,6.13,8.28,8.63,7.72,3.97,5.33,DHFUL,1
6.97,7.65,1.16,2.25,9.93,5.91,3.82,3.25,SHMCH,0
6.06,9.53,2.8,7.98,4.2,5.0,5.76,4.62,SHMUL,0
3.35,8.05,6.75,5.94,5.89,3.75,5.22,4.71,DHFUL,1
8.67,2.86,2.76,8.19,6.03,5.26,4.83,7.26,SLMUL,0
3.72,2.88,8.72,6.83,9.01,5.02,4.94,4.72,DLFUH,0
4.13,4.52,6.69,8.03,5.34,5.58,5.6,5.46,DLFUL,0
8.31,1.59,2.03,3.42,8.45,3.02,4.66,3.87,SLMCH,0
8.61,6.65,7.76,2.76,5.29,5.51,3.73,2.98,SHFCL,0
3.1,3.68,7.9,9.29,9.08,2.24,6.07,3.84,DLFUH,0
3.59,6.19,3.3,6.8,5.96,6.12,3.49,3.62,DHMUL,0
8.19,4.25,8.63,5.51,4.09,3.73,2.61,5.07,SLFUL,0
3.13,7.49,1.12,2.18,5.22,5.92,4.79,7.3,DHMCL,0
9.22,8.16,6.94,7.43,4.98,3.85,3.85,6.52,SHFUL,0
3.89,1.72,7.59,8.46,9.03,4.98,4.94,3.03,DLFUH,0
2.96,2.72,7.27,7.46,4.57,5.92,4.93,5.25,DLFUL,0
1.7,7.8,1.77,1.87,5.46,4.94,7.61,4.28,DHMCL,0
3.04,4.35,7.22,4.6,10.0,4.17,4.91,6.74,DLFCH,1
7.61,8.59,2.8,7.07,9.54,5.12,4.86,3.02,SHMUH,0
1.23,2.81,7.04,7.69,9.59,5.58,5.75,4.48,DLFUH,0
7.71,3.26,7.22,4.32,4.47,5.33,4.95,4.85,SLFCL,0
7.95,7.4,2.75,2.58,9.4,4.56,4.36,5.35,SHMCH,0
8.37,2.38,6.0,6.76,4.92,5.58,5.49,6.68,SLFUL,1
7.1,0.92,8.24,7.3,9.85,3.77,5.04,4.85,SLFUH,1
2.7,2.62,5.48,7.42,4.6,3.22,7.15,5.76,DLFUL,0
3.17,2.9,2.46,7.15,10.0,6.74,6.63,3.22,DLMUH,0
9.41,7.22,3.74,7.54,5.25,5.1,6.27,3.97,SHMUL,0
2.09,4.22,0.38,7.63,10.0,3.66,4.76,4.4,DLMUH,0
7.56,4.4,3.17,2.65,9.28,2.99,6.01,4.15,SLMCH,1
2.09,1.99,1.69,3.12,5.68,4.83,3.74,3.76,DLMCL,0
1.72,1.87,6.44,1.45,4.91,3.17,6.26,3.62,DLFCL,0
7.64,7.86,5.75,3.08,7.99,7.59,7.29,5.59,SHFCH,1
2.34,8.07,8.09,8.38,8.57,5.09,4.6,4.87,DHFUH,0
7.52,1.22,8.61,7.0,4.61,6.92,6.74,6.7,SLFUL,0
6.77,8.42,2.39,2.25,5.34,3.06,5.53,7.87,SHMCL,0
1.95,7.4,7.91,7.09,9.39,4.72,4.52,4.34,DHFUH,0
2.07,7.6,4.49,7.08,4.6,4.17,7.49,0.78,DHMUL,0
6.78,7.57,9.42,7.15,5.23,2.65,7.28,4.28,SHFUL,0
6.51,7.54,0.0,7.18,9.45,2.96,7.27,4.11,SHMUH,0
6.71,7.29,2.83,2.68,10.0,5.67,6.99,4.46,SHMCH,0
1.59,6.42,7.7,7.16,10.0,4.72,5.09,2.92,DHFUH,0
2.19,2.33,8.46,2.47,5.32,4.71,4.49,2.89,DLFCL,0
6.37,7.55,2.21,1.03,9.48,4.52,3.24,4.44,SHMCH,0
6.96,2.5,6.93,7.28,8.79,5.74,5.26,2.58,SLFUH,0
4.28,8.63,2.14,2.85,4.41,5.68,5.0,3.88,DHMCL,1
6.97,3.15,6.17,0.69,9.36,2.65,7.28,2.71,SLFCH,0
3.8,3.6,7.35,0.07,9.73,7.21,6.85,5.69,DLFCH,0
7.81,1.3,7.28,8.43,8.74,3.39,4.9,8.2,SLFUH,0
8.03,2.81,7.56,7.64,5.27,4.56,4.64,7.56,SLFUL,0
3.94,2.06,1.77,1.95,9.18,4.86,3.75,1.97,DLMCH,1
6.19,8.74,6.67,6.61,10.0,4.36,4.55,7.56,SHFUH,1
8.98,1.58,3.08,8.28,10.0,3.89,7.15,5.03,SLMUH,0
6.6,9.28,5.11,2.08,9.85,2.97,3.99,5.16,SHMCH,1
4.91,6.91,7.9,2.06,10.0,4.91,7.58,4.2,DHFCH,0
2.01,7.92,2.4,1.85,4.6,3.93,3.68,8.42,DHMCL,0
7.31,9.07,3.78,2.68,9.66,3.69,4.89,4.6,SHMCH,1
0.35,2.34,1.44,1.97,4.47,4.86,2.36,2.8,DLMCL,0
6.21,7.53,3.97,4.3,9.62,6.71,5.13,6.92,SHMCH,1
9.48,8.08,2.47,2.69,5.44,4.86,6.71,3.68,SHMUL,1
7.22,7.25,7.99,1.42,4.02,4.48,6.15,7.53,SHFCL,0
2.1,5.05,9.14,5.47,5.01,4.56,4.8,5.34,DHFCL,1
2.05,1.27,1.22,2.67,5.95,5.24,4.82,5.43,DLMCL,0
2.47,1.94,7.8,8.49,4.5,4.99,6.3,2.1,DLFUL,0
2.02,9.39,7.5,0.26,5.21,7.92,7.36,7.75,DHFCL,0
6.93,6.88,3.83,2.83,4.87,5.75,1.84,4.94,SHMCL,0
5.56,6.15,7.37,1.08,9.27,4.48,6.27,4.33,DHFCH,0
1.88,6.85,1.79,6.22,4.1,4.71,4.11,6.66,DHMUL,0
2.51,5.98,6.55,7.81,4.96,4.06,5.11,6.35,DLFUL,1
3.01,8.53,4.42,2.3,10.0,6.39,3.17,4.56,DHFCH,0
3.08,8.23,6.84,1.45,4.66,4.07,6.18,6.46,DHFCL,0
1.51,2.25,3.28,2.93,7.97,4.8,2.94,4.64,DLMCL,1
4.98,8.25,8.34,0.96,5.18,6.01,3.45,5.01,DHFCL,1
3.65,7.07,4.57,4.62,9.67,5.83,6.79,3.22,DHMCH,0
8.55,3.34,8.98,2.31,3.77,4.72,6.22,3.55,SLFCL,0
0.91,1.96,9.54,6.87,4.86,3.68,5.5,3.9,DLFUL,0
8.6,6.91,7.36,6.41,5.85,5.59,3.94,4.83,SHFUL,0
2.52,8.5,2.65,4.09,8.86,4.99,6.01,4.71,DHMCH,0
9.06,8.25,3.02,9.38,9.44,5.09,4.98,7.32,SHMUH,0
1.93,3.6,6.43,4.21,9.56,3.45,5.11,3.24,DLFCL,1
10.0,3.72,6.93,3.13,9.9,3.61,3.11,4.91,SLFCH,0
2.83,8.32,1.02,6.75,9.53,5.95,7.13,4.68,DHMUH,0
4.75,7.46,7.19,1.68,5.65,4.51,4.73,4.43,SHFCL,0
5.94,2.2,2.6,2.41,5.47,5.52,6.0,3.97,SLMCL,0
5.89,7.92,3.05,2.37,8.77,7.64,3.4,5.99,SHMCH,0
1.69,8.26,9.63,7.44,4.19,2.98,6.16,4.91,DHFUL,0
3.81,2.72,2.09,3.61,5.26,7.3,5.27,3.16,DLMCL,0
1.7,6.4,8.63,5.62,9.41,6.04,4.0,4.3,DHFUH,1
6.51,1.94,8.06,3.73,8.81,4.23,5.15,4.72,SLFCH,0
4.83,3.13,1.91,3.19,10.0,2.56,3.74,4.64,DLMCH,0
3.06,1.8,3.04,6.99,9.78,5.57,5.1,6.19,DLMUH,0
8.7,7.9,2.69,6.5,4.08,3.29,4.94,6.3,SHMUL,0
1.55,7.32,7.95,1.49,4.58,4.48,2.86,4.37,DHFCL,0
1.77,8.59,1.77,1.96,9.71,5.89,6.15,4.87,DHMCH,0
3.39,8.8,3.3,9.35,4.53,1.16,4.33,5.84,DHMUL,0
7.78,2.96,7.86,3.2,9.57,6.46,2.63,5.67,SLFCL,1
3.2,3.81,6.84,2.82,8.79,6.0,4.97,5.42,DLFCH,0
6.44,2.76,6.54,2.19,10.0,4.3,4.57,3.59,SLFCH,0
8.78,7.5,7.63,0.96,9.89,4.61,5.7,5.35,SHFCH,0
3.69,0.0,6.88,3.53,4.81,2.8,3.36,6.54,DLFCL,0
5.59,7.66,6.15,2.12,9.86,8.46,3.38,4.77,SHFCH,0
3.29,4.66,2.43,5.61,5.23,2.22,3.58,7.03,DLMUL,1
8.18,9.29,8.51,6.91,4.4,2.95,7.21,3.83,SHFUL,0
7.48,6.42,1.85,7.2,9.65,5.01,5.32,2.71,SHMUH,0
1.88,8.03,1.42,7.6,8.61,4.65,3.28,4.88,DHMUH,0
9.63,7.34,6.99,5.09,9.56,4.75,6.8,6.11,SHFUH,1
6.45,1.46,1.0,8.85,6.45,4.29,3.02,1.64,SLMUL,0
9.44,6.68,0.0,6.45,9.79,5.04,3.18,2.87,SHMUH,0
8.17,2.72,1.62,7.04,9.23,3.74,5.47,5.63,SLMUH,0
8.55,2.96,1.17,6.17,5.32,2.98,4.66,5.46,SLMUL,0
1.77,7.52,8.3,8.16,10.0,4.27,5.13,6.87,DHFUH,0
2.9,2.23,1.85,9.11,5.63,3.86,5.85,3.89,DLMUL,0
6.43,8.38,2.77,2.91,6.12,5.7,5.99,9.07,SHMCL,0
2.76,6.98,3.26,7.89,5.13,4.94,5.65,5.34,DHMUL,0
2.49,7.45,6.81,6.27,8.5,3.86,5.88,3.56,DHFUH,0
7.01,7.7,7.13,2.99,5.31,6.33,7.14,6.49,SHFCL,0
1.97,8.35,3.58,1.98,9.05,6.11,5.86,2.88,DHMCH,0
6.78,2.7,0.0,1.96,9.65,5.65,4.16,5.7,SLMCL,1
7.75,3.51,7.98,3.72,5.55,7.28,5.54,6.36,SLFCL,0
1.67,2.79,8.12,7.94,5.71,2.36,6.78,4.53,DLFUL,0
6.7,2.62,2.95,2.1,10.0,5.22,6.18,5.29,SLMCH,0
6.63,0.85,7.79,3.85,3.58,4.2,3.65,7.36,SLFCL,1
7.36,7.1,8.05,9.27,5.35,2.72,2.92,4.4,SHFUL,0
5.66,1.02,8.16,4.72,5.73,2.27,6.27,3.67,SLFUL,0
8.17,6.83,7.55,3.58,7.88,3.31,6.9,6.6,SHFCL,1
1.98,1.99,8.95,3.96,8.37,5.82,4.82,3.45,DLFCH,0
6.79,6.36,8.19,1.13,7.61,3.92,4.46,2.96,SHFCL,1
3.33,8.37,8.9,5.96,9.83,6.94,6.53,1.86,DHFUH,1
7.66,7.67,6.47,7.6,9.96,5.14,7.08,1.73,SHFUH,0
1.86,10.0,1.09,1.92,9.2,8.06,3.02,5.64,DHMCH,0
7.36,9.18,6.79,7.18,8.76,6.09,4.13,4.29,SHFUH,0
5.08,5.07,2.41,1.81,9.12,6.26,4.94,3.43,DLMCH,1
2.35,8.11,6.16,8.0,5.05,4.03,6.28,1.7,DHFUL,0
2.06,8.52,7.74,8.94,5.1,4.63,2.32,2.57,DHFUL,0
4.61,0.97,6.07,3.07,10.0,5.28,6.5,2.01,DLFCH,0
2.44,2.32,8.0,8.49,9.59,3.09,5.16,8.92,DLFUH,0
7.68,7.45,8.29,2.3,8.63,5.85,3.79,3.01,SHFCH,0
9.28,7.74,6.07,1.59,8.45,4.8,4.09,3.84,SHFCL,1
9.05,8.38,7.11,7.2,5.83,4.47,4.05,7.81,SHFUL,0
0.9,7.51,1.72,0.55,10.0,4.19,2.54,6.35,DHMCH,0
8.96,2.63,2.76,4.06,4.78,3.59,4.33,5.68,SLMCL,0
3.16,1.77,2.54,7.19,4.05,3.62,7.35,5.58,DLMUL,0
1.71,2.02,7.05,7.45,9.18,3.41,5.13,6.6,DLFUH,0
0.78,1.96,1.87,7.28,8.14,4.86,6.54,7.43,DLMUH,0
6.89,7.95,2.98,0.07,10.0,5.79,6.05,4.78,SHMCH,0
2.53,4.35,7.03,2.94,7.73,5.76,5.83,0.62,DLFCL,1
4.57,6.92,9.06,7.31,5.48,6.1,6.72,3.74,DHFUL,0
7.51,2.51,7.4,1.85,4.11,5.14,3.85,5.13,SLFCL,0
7.26,6.16,8.77,6.65,9.3,3.85,3.75,4.11,SHFUH,1
8.03,5.66,2.55,8.77,10.0,2.53,5.97,5.34,SHMUH,1
7.04,7.83,0.77,8.96,9.81,3.7,4.12,2.45,SHMUH,0
1.37,4.96,3.1,2.24,9.4,2.46,3.35,4.28,DHMCH,0
2.72,3.18,2.57,2.79,5.38,2.81,4.52,4.29,DLMCL,0
6.5,0.76,5.82,2.38,7.92,8.02,5.82,6.09,SLFCL,1
2.76,1.15,7.03,1.7,9.2,4.89,3.48,7.36,DLFCH,0
1.89,9.8,7.41,4.05,4.88,5.39,3.02,4.33,DHFCL,0
7.38,7.15,1.83,0.68,9.67,8.08,5.69,6.03,SHMCH,0
6.96,1.39,7.71,7.7,4.51,4.74,2.03,6.39,SLFUL,0
8.58,6.16,7.4,2.75,9.46,6.85,3.15,4.63,SHFCH,1
1.14,2.89,8.05,2.73,5.58,5.13,5.59,5.46,DLFCL,0
7.9,5.89,2.48,2.86,5.33,5.27,5.44,7.21,SHMCL,0
7.16,5.7,3.96,7.24,8.54,4.89,1.9,4.48,SHMUH,1
6.91,7.17,3.01,2.39,4.76,7.2,4.83,8.45,SHMCL,0
6.51,9.03,1.34,7.93,9.22,4.72,2.86,7.01,SHMUH,0
3.85,3.21,4.82,6.47,5.3,4.73,4.96,6.61,DLFUL,1
1.94,2.86,2.64,3.7,10.0,6.14,7.07,6.15,DLMCH,0
0.86,6.7,8.31,5.89,9.86,5.79,8.02,6.57,DHFUH,0
2.41,1.97,9.71,2.05,4.6,5.65,5.38,2.89,DLFCL,0
7.65,4.22,8.03,6.64,8.64,4.69,6.22,4.67,SLFUH,0
2.9,2.51,5.96,5.18,4.76,4.4,5.11,7.14,DLFUL,1
2.4,3.97,7.53,2.96,8.78,5.21,3.31,2.66,DLFCH,1
7.59,3.58,7.93,6.95,9.61,5.75,4.95,5.62,SLFUH,0
8.4,4.13,1.53,1.61,5.8,4.71,7.11,4.34,SLMCL,0
10.0,8.69,3.54,8.02,8.99,6.49,3.35,3.18,SHMUH,0
6.9,9.0,8.44,6.67,9.41,5.78,4.45,4.5,SHFUH,0
7.67,6.99,5.59,6.07,9.22,4.84,4.17,5.53,SHFUH,0
8.48,7.54,8.28,0.74,5.52,5.27,5.94,5.57,SHFCL,0
6.28,4.54,7.55,4.68,5.3,5.9,4.44,8.18,SLFCL,1
1.9,3.75,3.59,8.22,10.0,4.96,6.49,5.8,DLMUH,1
6.73,5.6,2.21,2.5,9.56,5.61,4.19,3.62,SHMCH,1
1.53,4.64,2.32,6.73,5.86,5.42,5.87,4.79,DLMUL,0
2.67,2.53,8.06,6.31,9.51,7.07,8.12,6.92,DLFUH,0
2.16,2.2,7.86,1.37,9.69,3.0,4.89,3.25,DLFCH,0
6.92,3.77,1.87,1.86,5.32,6.14,5.67,2.47,SLMCL,0
4.3,5.39,3.84,1.35,3.86,4.82,3.5,4.87,DHMCL,1
2.58,1.87,3.06,7.64,4.73,3.42,5.4,3.18,DLMUL,0
8.31,8.51,7.77,1.69,9.62,6.81,5.79,6.12,SHFCH,0
2.34,7.21,0.76,6.44,5.19,4.79,5.11,6.56,DHMUL,0
4.27,2.63,3.48,2.0,4.29,3.55,3.91,8.19,DLMCL,0
8.04,2.32,8.22,5.9,10.0,3.33,6.19,4.59,SLFUH,0
8.62,9.57,2.58,5.37,5.37,3.64,4.0,5.94,SHMUL,0
8.52,7.97,6.18,3.71,6.34,6.5,7.14,5.13,SHFCL,0
2.49,4.09,7.66,2.47,4.6,5.87,5.71,5.02,DLFCL,0
2.98,7.18,6.85,7.55,4.31,5.64,6.7,4.88,DHFUL,0
3.11,0.21,4.5,2.57,5.25,7.42,1.91,4.11,DLMCL,1
7.84,3.97,1.92,1.86,9.47,5.53,4.77,6.57,SLMCH,0
7.06,6.99,8.15,2.33,5.08,6.63,6.29,4.76,SHFCL,0
7.94,3.11,7.07,3.29,5.59,6.94,7.67,3.7,SLFCL,0
0.97,7.26,1.15,7.76,9.53,4.54,6.64,4.15,DHMUH,0
1.94,2.33,4.24,6.33,9.9,6.59,3.92,4.44,DLMUH,0
7.41,0.28,2.28,7.34,4.9,7.12,3.18,3.76,SLMUL,0
8.01,7.25,6.97,6.85,5.2,4.46,4.32,3.0,SHFUL,0
7.98,7.82,8.52,1.95,5.02,4.91,6.06,3.46,SHFCL,0
7.17,7.34,2.21,9.74,3.66,4.42,4.99,3.83,SHMUL,0
5.19,1.69,3.85,2.01,8.63,4.02,5.4,6.9,SLMCH,1
4.47,7.27,4.21,0.11,9.39,3.87,6.38,6.49,DHMCH,1
2.68,8.14,2.95,7.4,5.99,5.47,5.66,6.57,DHMUL,0
3.14,3.39,6.51,8.17,4.68,5.02,7.13,6.21,DLFUL,0
7.94,3.75,3.14,3.24,5.38,5.51,2.32,5.13,SLMCL,0
8.63,1.86,4.1,7.55,9.53,5.15,5.1,1.05,SLMUH,0
3.35,3.23,3.28,7.86,4.96,4.09,2.15,5.51,DLMUL,0
7.76,5.63,4.92,7.36,9.33,4.37,3.54,6.03,SHMUH,1
6.4,7.4,4.3,3.69,4.58,5.34,5.0,5.42,SHMCL,0
1.67,5.72,8.52,3.66,5.63,4.3,4.75,6.12,DHFCL,0
2.74,1.2,2.39,8.02,9.17,3.5,6.55,6.1,DLMUH,1
7.67,2.16,2.36,3.12,3.96,5.25,4.41,7.77,SLMCL,0
9.63,2.94,6.95,3.13,9.82,3.92,5.59,6.03,SLFCH,1
3.96,1.71,5.18,5.76,5.67,7.27,4.45,5.44,SLMUL,1
7.35,2.09,6.2,2.57,9.02,3.47,4.64,6.1,SLFCH,0
1.17,7.97,6.25,7.07,9.52,3.9,5.12,5.1,DHFUH,0
4.02,8.22,8.14,1.27,10.0,3.8,7.61,8.03,DHFCH,0
1.53,2.4,2.6,2.19,10.0,3.92,7.09,3.44,DLMCH,0
1.21,7.16,6.98,7.96,5.61,6.49,3.74,6.5,DHFUL,0
2.54,7.37,6.01,5.33,9.2,4.26,6.45,7.72,DHFCH,0
3.98,7.39,6.71,1.98,5.66,6.01,5.84,4.61,DHFCL,0
9.24,6.17,9.12,6.48,5.0,4.26,4.48,6.2,SHFUL,0
2.24,3.01,2.32,4.18,9.55,4.39,4.31,3.18,DLMCH,0
2.26,6.56,3.49,7.93,4.73,5.22,4.87,3.7,DHMUL,0
2.38,2.3,4.65,2.17,8.69,5.33,5.23,6.04,DLFCH,0
8.02,4.21,3.59,6.9,9.34,5.02,3.84,4.69,SLMUH,1
3.2,5.66,2.83,7.09,9.99,4.93,6.87,5.76,DHMUH,1
7.98,1.98,0.0,3.28,5.16,3.93,3.02,6.25,SLMCL,0
6.2,7.29,2.13,4.02,9.93,6.26,3.49,6.14,SHMCH,1
3.94,1.26,4.9,3.59,9.63,7.14,3.25,4.57,DLMCH,0
7.63,0.0,6.22,4.39,4.67,2.02,6.85,5.02,SLFCL,0
7.69,6.39,4.19,7.64,9.61,3.64,6.35,4.87,SHMUH,1
7.43,7.53,2.15,8.73,4.49,5.47,5.1,2.66,SHMUL,0
7.75,9.07,3.29,7.64,9.71,2.27,5.44,2.68,SHMUH,0
4.09,2.48,2.9,6.75,8.68,4.08,8.28,5.95,DLMUH,0
1.54,7.57,6.64,6.95,5.89,5.16,4.16,3.28,DHFUL,0
7.05,5.63,7.49,5.76,5.28,4.32,6.89,5.89,SHFUL,1
1.68,0.93,0.48,7.57,9.68,3.23,6.57,5.23,DLMUH,0
2.69,7.4,2.56,6.61,9.85,5.63,6.93,4.98,DHMUH,0
7.48,1.92,7.22,6.01,8.61,2.42,6.63,2.66,SLFUH,0
8.2,7.4,2.17,7.39,8.53,5.29,2.95,4.57,SHMUH,0
8.51,7.41,3.29,3.19,9.04,3.63,5.98,4.55,SHMCH,0
6.23,1.42,2.89,9.34,5.24,4.42,6.15,4.64,SLMUL,0
8.58,3.05,3.42,1.72,8.28,4.71,5.72,6.18,SLFCL,1
1.71,7.31,0.81,2.9,8.48,5.22,3.16,3.73,DHMCH,0
9.04,2.81,0.0,9.92,9.61,5.52,6.63,5.7,SLMUH,0
9.01,2.23,2.72,1.99,8.43,6.4,1.74,4.17,SLMCH,0
6.99,7.06,3.61,1.9,9.84,5.47,2.9,5.78,SHMCH,0
3.25,8.37,6.81,0.88,4.68,6.33,4.19,3.96,DHFCL,0
6.47,4.14,3.55,3.22,4.45,5.84,4.67,5.97,SLMCL,1
9.0,8.69,7.1,7.68,4.53,3.51,3.28,4.34,SHFUL,0
0.72,4.88,5.83,2.38,8.8,7.15,3.26,2.52,DLFCH,1
2.5,2.06,8.46,4.0,8.6,2.48,2.41,5.93,DLFCH,1
6.94,1.76,6.82,8.03,10.0,6.23,6.68,4.43,SLFUH,0
1.95,4.53,5.44,1.19,9.47,4.74,5.57,6.86,DLMCH,1
2.27,5.91,1.59,2.73,5.79,9.21,4.12,7.15,DHMCL,0
7.17,7.42,1.99,8.98,5.29,7.06,5.4,5.12,SHMUL,0
3.55,1.85,7.73,2.72,9.9,5.38,3.89,6.32,DLFCH,0
6.31,0.31,7.65,2.82,5.73,7.36,7.35,3.5,SLFCL,0
3.39,8.52,6.48,7.63,9.93,3.66,5.3,5.45,DHFUH,1
7.64,9.38,9.49,1.56,9.84,6.31,6.14,4.47,SHFCH,1
4.38,2.92,8.03,4.26,9.23,4.87,3.12,4.74,DLFCH,0
4.03,2.96,7.12,1.35,10.0,4.96,7.1,6.34,DLFCH,0
6.84,7.16,6.45,7.57,10.0,6.4,7.38,7.59,SHFUH,0
6.81,6.93,1.96,6.52,8.45,4.31,6.31,5.3,SHMUH,0
3.0,8.35,2.87,7.67,9.2,6.22,6.54,4.91,DHMUH,0
6.14,6.66,7.77,2.4,5.34,3.16,5.54,6.64,SHFCL,0
2.22,7.39,2.72,3.12,4.4,3.44,6.66,4.38,DHMCL,0
1.76,7.02,4.96,7.15,5.48,5.22,6.93,4.56,DHMUL,1
3.75,0.47,7.76,6.94,9.84,5.48,5.55,3.41,DLFUH,0
8.46,2.41,7.87,3.58,9.86,4.37,3.58,5.12,SLFCH,1
8.58,9.81,1.55,6.48,4.47,7.41,6.56,4.8,SHMUL,0
3.31,1.51,8.18,8.14,4.52,6.27,4.76,2.89,DLFUL,0
2.87,4.43,7.75,8.4,9.92,5.46,5.28,5.82,DLFUH,0
6.69,7.15,4.8,1.88,4.69,3.47,5.25,4.92,SHFCL,0
1.12,7.7,4.64,1.63,9.26,7.12,5.93,8.72,DHMCH,1
2.48,3.24,8.57,7.96,10.0,4.47,9.23,3.17,DLFUH,0
2.72,3.86,3.34,2.86,5.88,3.22,4.04,3.61,DLMCL,0
2.68,5.43,7.01,7.83,10.0,5.22,6.72,5.93,DHFUH,1
4.26,1.47,6.77,8.07,3.89,6.91,5.94,6.35,DLFUL,0
2.31,2.84,2.06,4.45,9.42,5.9,4.07,6.07,DLMCH,1
2.54,7.45,3.06,7.38,5.11,3.41,6.95,3.29,DHMUL,0
0.68,9.25,8.33,3.27,5.58,5.87,4.63,4.75,DHFCL,0
3.36,4.06,6.62,2.27,5.45,5.09,3.32,5.62,DLFCL,0
2.73,7.04,7.37,8.72,10.0,3.29,3.98,5.71,DHFUH,0
7.42,8.09,5.74,5.9,5.29,2.08,4.33,5.24,SHFUL,0
7.21,2.95,2.19,3.44,3.9,4.5,2.01,2.76,SLMCL,0
1.32,2.95,7.02,7.78,9.04,2.43,4.48,6.08,DLFUH,0
2.9,1.73,6.69,8.49,5.71,7.27,7.71,5.2,DLFUL,0
4.83,2.29,2.2,5.8,4.73,5.16,6.96,2.6,DLMCL,1
3.21,5.39,4.72,1.69,9.96,4.13,6.28,5.09,DHMCH,1
2.87,9.07,6.31,0.73,8.47,6.85,4.67,6.49,DHFCL,1
2.3,6.35,6.11,6.35,9.47,5.16,5.41,4.07,DHFUH,1
6.47,2.91,6.94,2.47,9.86,6.43,5.14,3.78,SLFCH,0
1.31,1.97,9.43,1.08,8.81,6.41,4.35,3.23,DLFCH,0
2.77,2.27,2.26,6.99,10.0,5.37,6.55,7.0,DLMUH,0
7.45,7.32,8.62,5.21,4.16,5.69,1.52,6.67,SHFUL,1
1.14,8.36,1.24,2.89,9.57,5.57,5.71,3.6,DHMCH,0
7.44,3.07,5.76,2.43,9.38,3.74,5.65,4.52,SLFCH,1
8.98,6.96,4.66,0.63,9.32,5.9,4.73,5.86,SHMCL,1
8.56,8.18,1.59,9.23,5.32,4.42,4.0,5.39,SHMUL,0
7.77,6.87,3.92,7.94,4.79,5.34,7.39,4.74,SHMUL,1
6.84,8.06,2.13,7.41,8.63,8.49,5.11,5.75,SHMUH,0
7.3,4.51,8.97,6.99,9.93,4.11,5.0,6.01,SLFUH,0
2.32,7.36,3.24,5.95,7.85,3.3,7.66,6.31,DHMUL,1
1.35,2.8,7.64,2.44,9.76,5.24,0.94,4.51,DLFCH,0
2.77,1.64,2.35,2.35,5.23,6.5,3.41,4.81,DLMCL,0
8.87,3.25,3.93,2.33,9.5,3.75,5.01,5.46,SLMCH,1
2.85,6.45,8.25,6.61,10.0,5.79,3.3,4.21,DHFUH,0
8.51,2.2,2.29,6.52,5.61,3.85,5.52,4.89,SLMUL,0
3.5,7.6,3.3,2.05,4.97,4.83,3.75,5.99,DHMCL,0
1.25,0.9,1.71,2.94,5.31,5.41,2.88,1.53,DLMCL,0
7.52,2.04,7.07,2.83,5.35,3.64,5.05,1.95,SLFCL,0
0.0,7.91,5.62,3.63,10.0,4.29,5.78,4.67,DHFCH,0
1.96,3.28,7.85,6.9,5.35,6.08,3.85,4.26,DLFUL,0
7.04,10.0,2.66,5.2,8.47,6.96,4.47,3.81,SHMUH,1
3.61,2.17,2.08,8.48,4.68,4.94,2.63,6.06,DLMUL,0
6.46,5.63,7.35,6.24,9.49,6.67,7.78,5.14,SHFUH,0
5.44,3.69,4.08,7.93,8.79,4.29,7.33,6.07,SLMUH,1
7.17,5.49,9.43,7.72,10.0,4.82,2.19,6.01,SHFUH,1
2.71,1.38,8.96,3.31,5.06,1.35,3.52,6.03,DLFCL,0
7.82,4.84,3.16,5.98,8.06,2.57,8.67,2.61,SLMUL,1
3.78,6.42,1.58,6.34,5.15,5.1,4.3,3.48,DHMUL,0
1.96,2.63,3.23,8.69,9.42,2.53,2.42,4.51,DLMUH,0
4.76,7.2,3.97,6.34,8.38,3.99,4.47,2.84,SHMUH,1
1.32,7.81,1.3,4.36,4.37,4.29,4.09,7.28,DHMUL,0
3.92,3.9,7.56,1.0,10.0,5.58,4.51,6.43,DLFCH,0
2.84,5.12,2.83,7.54,5.03,5.37,4.96,4.92,DHMUL,0
2.1,8.72,6.53,3.19,9.56,3.05,4.04,4.68,DHMCH,0
6.88,1.47,0.94,7.72,5.14,7.55,4.0,5.44,SLMUL,0
2.31,7.32,2.27,1.38,10.0,4.67,5.9,4.5,DHMCH,0
6.36,1.48,2.41,8.0,5.64,5.91,5.11,3.88,SLMUL,0
8.7,3.09,7.45,8.61,6.52,5.48,5.18,5.26,SLFUL,0
6.3,7.86,1.41,8.7,8.26,2.41,4.92,5.42,SHMUL,1
8.31,4.49,5.3,7.04,10.0,4.09,5.68,5.29,SHFUH,1
3.83,0.57,7.75,8.19,7.28,4.02,3.74,5.03,DLFUL,1
8.03,7.13,8.28,7.98,9.29,6.53,5.31,5.25,SHFUH,0
3.65,8.09,3.65,4.06,9.04,7.25,2.8,6.12,DHMCH,0
7.75,2.32,2.25,2.34,5.12,3.49,6.06,5.99,SLMCL,0
2.49,7.23,6.43,2.06,8.71,3.73,5.13,4.82,DHFCH,0
0.52,2.24,7.56,1.21,4.98,5.08,1.77,3.63,DLFCL,0
8.53,2.48,1.68,5.78,4.74,6.13,8.41,5.09,SLMUL,0
4.14,7.13,8.9,3.45,5.3,5.22,5.59,3.71,DHFCL,1
1.79,1.72,8.7,8.38,5.36,6.39,2.03,7.03,DLFUL,0
6.79,1.77,1.85,8.23,4.4,5.54,6.12,4.87,SLMUL,0
0.0,5.2,1.35,8.7,9.04,4.16,4.93,4.11,DHMUH,1
5.58,6.37,8.46,0.39,4.54,4.4,7.62,6.15,SHFCL,0
1.5,10.0,3.09,6.39,4.97,5.1,6.27,7.76,DHMUL,0
9.44,1.81,0.14,8.53,10.0,7.49,6.56,6.8,SLMUH,0
7.02,8.66,2.11,3.13,9.61,6.12,5.16,2.5,SHMCH,0
6.41,7.46,5.92,5.53,4.98,6.3,5.68,8.34,SHFUL,1
6.19,2.92,2.89,2.33,8.69,5.94,6.88,4.22,SLMCL,1
4.23,1.92,5.66,3.0,9.3,4.8,5.83,4.32,DLFCH,0
7.52,7.0,2.58,2.71,9.08,4.74,5.46,6.28,SHMCH,1
7.75,2.6,7.32,1.42,9.75,5.71,5.3,5.17,SLFCH,0
6.08,3.79,7.65,3.7,9.25,4.95,5.31,3.62,SLFCH,1
8.12,2.38,3.29,8.76,10.0,4.95,3.75,3.71,SLMUH,0
2.57,3.68,3.63,2.08,9.83,5.63,4.19,5.92,DLMCH,0
2.64,1.02,2.04,8.78,9.81,4.76,5.17,5.87,DLMUH,0
3.13,2.96,3.17,5.25,8.63,5.15,3.5,6.68,DLMUH,1
7.14,2.45,7.44,8.28,5.93,5.55,7.96,6.35,SLFUL,0
1.5,2.11,6.16,7.88,5.44,4.18,4.34,5.81,DLFUL,0
7.7,0.82,5.86,1.38,9.71,5.0,6.57,3.62,SLFCH,0
2.18,6.63,2.83,7.2,9.34,4.86,5.83,4.15,DHMUH,0
1.01,3.25,7.92,2.22,9.44,6.14,3.3,5.31,DLFCH,0
9.51,6.54,3.25,0.81,4.44,7.27,4.61,6.26,SHMCL,0
10.0,2.12,7.04,3.27,5.49,4.2,4.4,5.81,SLFCL,0
4.66,7.97,8.21,0.89,4.51,6.86,5.43,2.13,DHFCL,0
7.2,1.06,7.58,7.76,9.34,5.36,5.63,5.39,SLFUH,0
7.02,9.12,8.28,4.49,5.45,4.0,4.77,3.76,SHFCL,1
3.43,3.85,2.59,1.66,4.64,2.78,3.67,4.46,DLMCL,1
2.2,6.95,3.2,5.68,9.59,4.55,2.94,5.09,DHMUH,1
3.98,1.76,1.68,2.7,5.51,5.02,6.99,6.29,DLMCL,0
2.7,1.7,1.95,7.45,5.81,7.7,5.67,4.44,DLMUL,0
3.07,6.86,7.24,3.47,5.52,3.53,3.72,5.16,DHFCL,0
5.06,5.82,2.18,7.3,6.22,2.36,4.65,6.82,SHMUL,1
4.47,3.5,8.36,2.02,9.33,6.82,4.48,3.96,DLFCH,1
8.1,2.7,2.73,7.42,5.38,5.05,3.73,3.43,SLMUL,0
3.54,6.96,8.91,2.41,5.12,6.77,3.65,3.51,DHFCL,0
8.84,1.82,8.78,3.24,9.39,4.61,5.27,6.32,SLFCH,0
6.66,8.98,8.41,8.04,10.0,2.13,6.19,6.6,SHFUH,0
2.38,9.09,2.48,7.58,9.79,4.85,3.77,5.57,DHMUH,0
5.8,0.93,6.29,2.68,10.0,2.32,4.18,2.95,SLFCH,0
1.87,3.32,5.25,7.44,6.21,5.07,3.61,6.84,DLMUL,1
7.33,4.17,1.4,3.09,5.19,3.7,5.27,6.82,SLMCL,0
7.91,7.03,4.87,0.76,5.12,3.31,4.26,5.21,SHMCL,0
7.43,7.44,7.05,1.73,10.0,1.84,4.69,4.3,SHFCH,0
4.93,6.68,2.8,6.75,6.07,6.33,3.98,5.77,DHMUL,0
7.93,8.58,2.16,8.28,5.03,3.66,4.61,4.55,SHMUL,0
1.07,9.34,7.31,1.09,8.85,2.52,5.98,3.44,DHFCH,1
7.5,8.7,7.47,6.71,8.21,6.43,3.9,3.28,SHFUH,0
4.17,2.54,4.34,2.21,10.0,3.59,5.63,1.49,DLMCH,0
2.42,7.02,1.94,7.86,4.46,1.62,5.61,5.78,DHMUL,0
7.95,3.16,5.72,8.63,5.46,6.7,5.88,5.98,SLFUL,0
3.15,3.24,3.04,1.83,5.14,5.18,5.33,6.31,DLMCL,0
1.35,3.69,7.44,6.56,10.0,2.68,4.17,4.14,DLFUH,0
2.1,2.11,2.65,1.84,10.0,5.73,3.79,5.14,DLMCH,0
7.93,3.55,6.83,3.42,10.0,7.27,2.5,3.64,SLFCH,0
7.31,1.14,4.13,9.09,10.0,4.64,3.49,4.01,SLMUH,0
1.82,2.6,8.51,9.79,4.1,5.47,3.37,6.53,DLFUL,0
7.39,6.59,7.33,8.01,4.29,2.53,7.99,4.04,SHFUL,0
4.09,6.88,4.56,2.27,4.23,5.1,3.39,3.87,DHMCL,0
2.81,5.96,7.72,6.74,10.0,5.82,5.62,2.59,DHFUH,0
6.63,1.63,4.18,3.11,8.58,5.72,5.61,4.52,SLFCL,1
8.42,3.17,2.85,8.14,9.91,7.24,4.95,5.25,SLMUH,0
6.19,2.35,6.31,1.8,4.54,4.34,6.98,5.99,SLFCL,0
8.01,2.89,2.41,2.38,5.6,6.59,6.54,5.06,SLMCL,1
6.61,2.43,4.53,2.55,7.74,6.35,6.11,4.76,SLMCL,1
4.45,3.75,1.65,7.66,9.67,7.07,5.48,4.06,DLMUH,1
9.47,2.34,3.84,4.2,8.89,4.27,3.45,3.16,SLMCH,0
8.48,7.81,3.99,3.31,9.32,5.31,3.87,2.83,SHMCH,1
9.52,8.37,4.04,5.96,8.65,4.52,5.06,4.7,SHMUH,0
8.29,2.45,7.01,2.19,6.21,2.4,5.75,2.48,SLFCL,0
3.05,6.65,4.03,6.14,9.66,5.73,3.68,6.05,DHMUH,0
8.63,8.76,1.08,3.89,9.01,5.76,5.29,4.67,SHMCL,1
7.04,5.85,6.43,7.75,8.23,4.19,4.92,5.2,SHFUL,1
8.21,9.69,3.58,2.47,8.82,2.96,4.38,3.97,SHMCH,0
5.67,3.35,1.08,1.31,4.78,4.62,2.74,3.52,DHMCL,1
2.25,5.78,2.94,3.44,8.0,4.87,5.62,5.34,DLMCH,1
8.15,8.63,4.36,6.77,9.02,6.0,4.99,5.33,SHMUH,0
1.16,4.85,4.55,7.58,8.16,5.46,8.05,3.46,DLMUL,1
6.82,5.98,7.33,7.01,9.28,3.81,4.73,6.67,SHFUH,1
7.7,8.1,4.21,3.06,9.16,6.66,4.05,5.25,SHMCH,0
7.45,4.9,6.36,3.54,9.17,1.38,7.65,3.8,SHFCH,1
3.92,3.44,0.95,7.2,5.66,5.83,3.04,5.92,DLMUL,0
1.55,8.58,1.35,8.15,9.92,4.23,3.17,2.04,DHMUH,0
6.26,8.17,7.65,10.0,5.87,6.07,5.37,5.25,SHFUL,0
0.79,3.13,5.3,7.13,4.0,6.35,3.91,6.95,DLMUL,0
1.63,6.52,8.53,5.99,5.64,4.75,4.86,2.44,DHFUL,0
1.21,3.25,3.05,7.78,9.97,4.51,3.61,6.38,DLMUH,1
4.15,0.0,7.56,8.43,9.39,4.31,4.6,5.83,DLFUH,0
2.19,8.14,1.77,7.82,8.06,5.75,5.18,0.39,DHMUL,1
8.64,7.51,6.58,7.04,10.0,6.0,6.57,3.44,SHFUH,0
2.05,1.83,0.86,7.58,9.6,6.18,6.37,4.7,DLMUH,0
7.26,2.48,5.92,6.34,4.33,6.15,5.37,5.92,SLFUL,0
8.37,7.69,8.65,2.46,4.16,6.45,4.44,5.51,SHFCL,0
3.01,6.84,1.57,6.19,10.0,4.46,1.7,4.07,DHMUH,1
2.71,6.95,7.34,3.85,5.88,3.77,4.94,5.14,DHFCL,0
2.15,7.04,0.95,2.34,9.26,6.76,3.2,4.13,DHMCH,0
7.04,3.22,1.53,1.31,10.0,3.56,6.72,5.18,SLMCH,0
7.24,7.16,8.54,3.76,10.0,4.75,1.79,4.78,SHFCH,0
7.34,8.8,7.48,9.1,9.23,1.45,4.88,7.56,SHFUH,0
7.1,3.95,2.88,6.66,4.59,4.16,5.54,7.01,SLMUL,0
4.01,3.14,1.8,1.49,5.02,3.18,3.99,5.47,DLMCL,0
0.25,6.3,3.82,2.46,5.77,5.62,6.17,3.65,DHMCL,0
1.17,3.07,3.53,2.31,9.42,5.63,5.52,5.87,DLMCH,0
3.59,1.57,6.98,7.01,9.99,5.22,5.14,5.8,DLFUH,0
2.5,8.03,5.8,1.72,9.19,3.33,5.79,5.02,DHFCH,1
8.04,9.47,7.31,5.53,4.86,5.38,4.4,5.56,SHFCL,0
5.72,7.82,1.74,3.08,5.03,6.14,6.76,5.29,SHMCL,0
2.17,7.96,2.42,5.84,8.86,6.59,5.13,2.48,DHMUH,0
6.6,3.37,1.83,5.32,7.72,5.51,6.74,4.72,SLMUL,1
2.44,2.29,2.17,7.24,5.51,5.35,5.35,3.31,DLMUL,0
7.35,2.5,2.72,8.61,9.66,2.9,4.16,5.25,SLMUH,0
7.33,2.7,2.98,7.04,8.55,5.89,3.91,5.24,SLMUL,1
7.3,8.09,7.82,6.44,10.0,6.42,3.65,6.84,SHFUH,0
2.57,2.05,2.01,9.04,4.6,4.29,2.62,3.86,DLMUL,0
0.3,5.99,2.37,7.03,4.21,7.92,5.47,5.71,DHMUL,0
5.39,2.13,2.44,5.93,9.18,5.35,5.33,6.74,SLMUH,1
1.23,7.45,2.03,6.81,5.93,4.88,6.91,4.2,DHMUL,0
0.5,6.93,4.58,6.64,8.82,3.5,6.82,4.64,DHMUH,1
3.14,7.27,8.45,4.12,9.2,5.3,2.96,5.35,DHFCH,1
6.45,1.89,3.88,7.7,4.39,5.46,4.78,10.0,SLMUL,0
1.02,3.92,2.11,8.87,5.03,7.14,5.39,6.28,DLMUL,0
1.13,4.15,4.22,2.32,4.77,7.19,3.34,3.66,DLMCL,0
0.64,5.47,7.26,5.07,8.82,6.16,3.05,5.2,DLFUH,1
7.48,3.64,8.82,8.7,5.72,3.44,5.72,4.09,SLFUL,0
2.62,8.08,6.47,2.48,10.0,3.76,2.49,4.47,DHMCH,1
7.78,3.87,7.56,3.0,5.22,4.57,5.61,8.35,SLFCL,0
6.21,1.98,1.54,9.6,9.94,5.52,4.41,4.53,SLMUH,1
8.6,2.32,6.54,0.81,9.4,3.1,2.98,5.79,SLFCH,0
1.06,6.28,7.63,8.0,8.74,7.69,6.07,4.57,DHFUH,1
4.64,1.81,5.35,6.92,9.77,6.18,8.41,7.11,DLFUH,0
2.05,9.45,2.85,7.84,4.78,4.11,1.72,6.45,DHMUL,0
2.47,2.69,9.71,1.98,5.25,6.6,5.15,8.51,DLFCL,0
2.55,2.21,2.4,2.25,5.09,7.21,1.15,4.64,DLMCL,0
7.88,2.41,6.24,7.28,5.06,5.34,5.7,6.38,SLFUL,0
7.93,7.76,7.52,9.67,9.05,6.73,4.81,2.78,SHFUH,0
3.22,2.69,3.59,8.77,9.99,4.18,5.74,5.75,DLMUH,0
5.47,7.93,7.53,2.94,8.52,5.39,7.07,5.12,SHFCH,1
3.18,7.29,7.02,6.71,9.36,7.81,4.91,3.28,DHFUH,0
7.58,7.32,7.18,7.7,5.45,6.05,5.83,4.64,SHFUL,0
5.68,2.87,3.35,3.63,5.49,6.6,5.35,5.35,DLMCL,1
3.06,1.68,3.6,1.21,9.58,6.73,1.77,8.03,DLMCH,0
7.77,7.12,8.4,8.79,5.58,4.59,6.13,5.12,SHFUL,0
5.86,3.59,8.08,7.44,8.92,4.27,2.79,4.6,SLFUH,1
6.65,8.36,7.71,0.93,5.46,6.9,3.71,4.99,SHFCL,0
2.72,6.96,0.56,2.63,8.73,4.13,5.72,7.13,DHMCH,1
7.6,5.5,3.57,7.19,9.36,6.22,7.72,7.11,SHMUH,1
1.1,7.83,2.2,2.02,5.52,7.22,7.69,6.97,DHMCL,0
0.57,3.41,7.66,6.27,9.03,2.92,3.22,4.59,DLFUH,1
2.83,8.04,3.24,6.76,9.94,7.19,4.69,4.53,DHMUH,0
1.26,3.21,8.08,3.77,10.0,6.95,4.83,3.71,DLFCH,0
3.11,2.61,7.4,7.48,9.62,3.96,4.73,6.78,DLFUH,0
5.94,7.73,3.47,2.79,4.05,4.81,6.11,2.18,SHMCL,0
2.97,2.7,8.13,2.63,5.49,5.14,6.18,6.31,DLFCL,0
2.32,8.34,7.07,7.25,4.32,4.03,7.64,5.11,DHFUL,0
7.46,4.3,3.16,2.09,9.64,4.47,6.29,3.0,SLMCH,0
7.9,6.85,6.81,7.91,4.92,2.11,2.82,3.28,SHFUL,0
9.18,1.88,8.78,1.77,10.0,6.85,4.56,7.49,SLFCH,0
1.44,2.97,2.45,6.61,7.76,3.83,5.78,4.65,DLMUL,1
6.17,2.65,7.3,3.91,5.3,6.45,8.79,4.41,SLFUL,1
1.53,7.82,1.13,7.02,3.71,5.36,4.25,2.77,DHMUL,0
9.47,9.94,4.79,7.4,4.57,4.6,4.37,6.22,SHFUL,0
5.29,2.97,7.51,3.32,9.93,4.75,5.26,3.88,SLFCH,0
6.88,1.38,2.94,8.7,4.46,5.43,3.45,4.54,SLMUL,0
8.17,7.5,5.05,7.11,9.69,9.24,5.29,4.9,SHMUH,0
2.5,6.14,4.87,2.13,5.45,5.57,3.15,7.16,DHMCL,1
2.84,7.82,2.91,3.12,3.74,4.45,1.73,5.05,DHMCL,0
3.58,9.35,7.24,7.53,4.69,4.48,7.57,3.49,DHFUL,0
0.95,6.59,7.12,7.15,9.42,6.55,6.87,8.01,DHFUH,0
1.7,1.73,3.66,4.22,9.59,4.71,4.37,4.47,DLMCH,1
7.48,2.42,2.09,3.68,9.19,2.68,3.98,6.99,SLMCH,0
1.39,8.34,8.69,4.41,4.89,5.6,0.71,5.45,DHFCL,1
7.36,6.7,8.1,7.44,5.29,4.32,3.19,7.6,SHFUL,0
1.15,7.19,6.75,3.37,8.91,6.58,3.87,0.89,DHFCL,1
3.38,6.97,8.33,7.34,4.56,4.4,3.2,7.98,DHFUL,0
2.28,2.66,2.37,1.47,9.48,6.49,3.42,4.44,DLMCH,0
1.51,2.79,8.42,3.16,6.15,3.85,2.93,3.51,DLFCL,0
0.65,7.19,6.3,9.21,5.15,3.85,5.05,1.09,DHFUL,0
6.57,6.6,7.42,2.05,4.32,4.34,4.29,3.99,SHFCL,0
1.16,3.44,2.17,8.36,4.51,5.27,5.53,4.77,DLMUL,0
4.03,7.56,8.07,0.66,4.59,3.39,2.16,5.18,DHFCL,0
2.53,1.38,5.42,4.86,4.62,5.35,4.55,6.01,DLFCL,1
6.03,6.86,1.97,7.28,4.04,5.89,6.0,5.76,SHMUL,0
8.43,2.01,1.16,7.99,9.38,3.19,5.75,7.15,SLMUH,0
2.77,1.52,3.41,6.14,8.56,4.16,7.93,7.85,DLMUH,0
8.13,5.28,7.95,6.92,10.0,5.61,2.39,5.4,SHFUH,0
8.45,0.25,1.67,1.72,3.61,3.55,3.63,4.7,SLMCL,0
8.15,7.49,3.01,2.08,6.34,2.65,6.89,7.05,SHMCL,0
3.11,7.24,2.33,8.77,4.55,5.14,6.43,6.21,DHMUL,0
2.68,9.41,3.35,7.08,8.69,2.9,3.56,5.5,DHMUL,1
6.66,6.41,7.92,8.87,4.76,4.68,6.61,2.28,SHFUL,0
4.71,4.53,8.07,8.91,5.56,5.11,3.24,4.1,DLFUL,1
6.94,2.89,7.53,7.2,4.8,4.24,2.53,5.57,SLFUL,0
2.21,6.91,6.86,7.73,9.43,4.67,5.56,3.7,DHFUH,1
4.3,2.86,7.15,1.55,10.0,4.24,4.25,4.44,DLFCH,1
7.81,7.02,7.52,0.66,9.78,5.24,7.96,5.01,SHFCH,0
6.6,6.75,6.1,4.77,9.47,2.86,5.64,4.6,SHFCH,1
3.2,2.25,0.53,7.6,9.76,6.44,4.89,4.44,DLMUH,0
1.93,8.01,8.28,3.07,8.73,6.43,2.94,5.82,DHFCH,1
0.94,3.04,8.52,1.72,4.32,1.77,4.6,4.13,DLFCL,0
3.14,2.11,2.49,2.34,5.2,7.11,5.14,5.97,DLMCL,0
6.23,8.48,2.44,7.6,9.49,3.31,3.99,4.07,SHMUH,0
2.34,1.85,2.24,8.63,8.9,3.74,6.88,5.11,DLMUH,0
5.78,1.28,2.33,1.56,9.33,1.16,3.31,7.2,SLMCH,1
5.86,8.65,4.65,8.78,10.0,5.34,3.74,5.11,SHMUH,0
7.74,7.46,8.2,6.92,9.58,4.74,2.81,5.19,SHFUH,0
1.87,7.5,6.87,1.94,10.0,6.54,2.53,3.77,DHFCH,0
9.0,8.63,2.47,1.27,9.15,2.27,6.42,2.6,SHMCH,0
7.11,6.8,7.75,2.94,9.76,3.53,2.53,5.39,SHFCH,0
1.94,6.63,1.36,8.5,8.12,3.74,5.18,7.37,DHMUH,1
3.54,2.97,6.8,6.11,9.92,5.44,4.85,4.61,DLMUH,1
7.64,5.95,7.28,4.29,9.58,4.15,2.36,7.07,SHFCH,0
7.74,7.4,3.86,2.26,3.93,3.8,5.83,5.59,SHMCL,0
5.53,1.2,7.51,0.64,9.32,2.91,7.46,8.25,SLFCH,0
8.25,4.99,6.79,2.69,9.84,3.25,4.7,4.63,SHFCH,1
3.87,2.54,4.28,5.31,4.71,7.32,4.44,6.08,DLMUL,1
4.28,2.74,4.7,2.76,9.03,5.37,4.29,3.29,SLMCH,1
7.24,3.58,7.05,2.45,10.0,5.69,3.86,5.24,SLFCH,0
3.3,2.84,9.93,7.6,5.88,3.89,4.94,5.93,DLFUL,1
1.19,3.17,6.73,1.92,5.19,4.26,6.34,3.84,DLFCL,0
7.44,2.33,3.42,2.93,7.69,6.0,6.63,5.55,SLMCL,1
6.34,7.66,3.23,0.91,5.02,4.67,5.51,4.98,SHMCL,0
8.15,8.18,8.55,7.07,4.98,4.95,7.53,0.75,SHFUL,0
3.7,7.79,2.14,2.84,3.24,5.57,0.0,2.41,DHMCL,0
8.39,2.42,9.12,6.8,9.62,4.47,5.88,3.83,SLFUH,0
1.59,1.93,1.97,1.43,10.0,3.55,3.95,6.88,DLMCH,0
6.66,4.9,3.74,7.45,5.78,2.04,4.92,4.94,SLMUL,1
7.93,7.28,7.24,6.18,9.11,5.56,4.92,6.23,SHFUH,0
8.48,0.72,8.17,7.72,3.8,7.28,0.84,6.41,SLFUL,1
8.98,8.03,7.83,7.19,5.4,4.98,4.45,6.04,SHFUL,0
3.08,7.9,1.0,3.09,9.88,6.87,8.18,2.46,DHMCH,0
1.73,1.92,2.04,5.65,5.52,6.79,3.95,5.52,DLMUL,0
7.98,7.96,5.25,3.11,10.0,4.54,3.51,4.53,SHMCH,0
7.56,5.13,5.54,2.52,4.98,2.17,4.4,5.08,SHFCL,1
7.27,6.06,7.68,3.04,7.65,5.1,5.63,6.24,SHFCL,1
7.39,2.07,5.41,2.89,4.77,1.85,6.26,7.15,SLFCL,0
7.93,7.48,7.0,0.95,4.69,3.39,2.41,3.81,SHFCL,0
2.21,8.9,7.67,9.77,9.34,5.39,7.86,2.73,DHFUH,0
6.65,1.42,2.84,2.88,5.77,6.65,4.8,3.13,SLMCL,0
1.52,8.21,1.87,0.0,9.89,3.45,5.7,7.09,DHMCH,0
8.75,2.25,4.56,0.09,7.51,4.56,3.39,6.07,SLMCL,1
0.87,8.69,8.12,6.2,9.12,4.96,3.21,1.99,DHFUH,0
6.8,6.53,7.59,3.75,10.0,5.76,8.21,4.47,SHFCH,0
7.54,6.43,5.27,7.74,8.31,3.51,2.34,2.53,SHFUH,0
4.17,7.1,6.56,2.26,6.47,7.09,3.72,5.97,DHFCL,1
9.45,1.77,9.24,7.13,8.56,6.93,7.1,3.64,SLFUH,0
9.41,3.72,6.7,7.42,5.07,7.29,5.66,5.26,SLFUL,0
8.63,5.16,4.09,2.88,5.65,3.17,3.75,5.22,SHMCL,0
6.88,5.73,5.17,2.51,4.88,2.79,5.75,1.38,SHMCL,1
3.74,7.07,0.0,0.8,4.5,4.16,4.39,5.06,DHMCL,0
2.68,2.08,1.55,1.02,8.56,4.44,4.87,3.69,DLMCH,0
6.8,7.93,2.73,5.91,4.01,5.64,3.78,5.45,SHMUL,0
7.2,3.18,4.55,4.29,5.68,3.62,6.28,5.96,SLMCL,1
2.53,2.02,2.17,3.5,5.32,7.01,4.77,3.96,DLMCL,0
0.9,6.74,2.65,2.87,5.25,3.02,6.28,3.8,DHMCL,0
8.55,5.66,6.74,3.02,9.24,4.71,3.23,4.98,SHFCH,1
7.91,7.7,1.32,1.5,9.74,7.21,5.23,4.38,SHMCH,0
4.14,7.03,2.63,3.26,8.26,4.22,5.55,0.65,DHMCH,0
1.53,8.06,2.52,4.81,5.75,5.2,3.77,6.49,DHMUL,0
6.26,2.38,2.5,6.44,9.69,6.44,5.36,4.19,SLMUH,0
4.26,9.27,1.58,5.07,9.11,6.84,3.07,2.05,DHMUH,1
5.53,7.11,4.27,7.53,4.37,6.2,3.54,4.67,SHMUL,1
3.72,7.58,8.05,9.26,6.17,4.91,4.2,3.62,DHFUL,0
7.55,0.42,2.53,8.12,9.42,4.73,3.55,3.5,SLMUH,0
7.12,7.88,1.37,3.83,5.75,6.44,2.73,6.24,SHMCL,0
7.92,7.49,6.95,3.75,9.18,4.56,2.61,3.93,SHFCH,0
1.97,1.4,5.18,7.51,9.64,3.82,4.86,6.33,DLFUH,1
7.43,2.09,4.23,5.5,7.74,6.47,4.06,3.76,SLMUL,1
1.37,1.58,3.0,2.64,5.41,4.36,5.24,5.94,DLMCL,0
3.74,7.46,7.63,2.23,9.19,4.18,5.41,3.84,DHFCH,0
6.47,8.0,2.22,2.83,9.95,4.15,3.33,5.58,SHMCH,0
0.43,7.18,4.12,2.28,10.0,5.97,3.37,4.56,DHMCH,0
2.78,6.12,6.87,3.84,7.95,4.2,5.01,4.2,DHFCL,1
7.78,1.15,6.47,7.67,9.36,3.94,3.81,4.87,SLFUH,1
3.42,2.2,7.02,7.97,4.77,5.4,3.41,3.68,DLFUL,0
3.23,7.49,5.67,2.61,8.29,6.04,4.63,7.78,DHFCH,1
7.55,3.06,0.64,5.49,9.09,5.8,5.93,7.06,SLMCH,1
7.19,2.12,6.54,7.35,4.66,3.48,7.84,5.7,SLFUL,0
8.2,2.7,1.1,4.11,8.76,4.84,3.88,5.57,SLMCH,1
2.21,7.32,7.47,3.61,9.69,3.41,7.43,4.56,DHFCH,0
2.49,2.62,5.78,6.78,10.0,5.09,5.55,5.2,DLFUH,0
7.18,0.81,2.48,1.6,4.79,4.88,2.44,2.58,SLMCL,0
2.01,6.57,3.11,3.44,10.0,5.32,5.2,5.79,DHMCH,0
7.04,3.14,6.48,2.32,9.27,4.84,3.49,2.22,SLFCH,0
3.42,2.95,3.43,8.25,4.74,2.98,5.63,5.82,DLMUL,0
0.0,1.36,7.37,7.86,8.43,4.92,3.32,5.35,DLFUH,0
0.65,3.87,7.17,2.35,4.66,4.34,4.94,5.66,DLFCL,1
2.46,7.18,6.79,6.94,6.05,5.46,5.26,4.61,DHFUL,0
6.09,7.33,1.77,2.88,5.27,5.48,5.36,7.37,SHMCL,0
5.34,1.92,8.53,5.82,8.61,4.63,7.03,4.44,SLFUH,1
6.98,7.83,6.77,7.41,10.0,4.22,6.5,6.14,SHFUH,1
1.74,4.03,5.03,8.04,9.35,6.26,5.21,4.14,DLMUH,1
6.85,3.05,2.69,1.05,4.96,5.39,3.65,5.28,SLMCL,0
8.06,2.67,1.72,9.35,4.79,6.16,1.37,6.91,SLMUL,0
6.21,6.47,2.55,2.87,8.48,5.75,3.77,6.92,SHMCH,0
3.18,7.3,0.31,0.96,10.0,3.36,7.14,3.6,DHMCH,0
6.3,5.62,3.6,8.47,9.02,4.18,3.52,4.02,SHMUH,1
7.86,6.11,3.94,2.36,5.17,8.49,7.27,4.54,SHMCL,0
8.4,8.31,2.45,7.23,4.93,4.84,4.88,4.72,SHMUL,0
7.25,6.9,4.12,6.4,9.91,5.79,2.63,3.75,SHMUH,0
1.69,1.87,1.54,7.04,9.87,7.57,2.41,3.07,DLMUH,0
7.21,8.33,7.57,3.97,8.55,2.46,6.15,6.3,SHFCH,0
1.51,8.69,7.85,7.27,5.38,5.01,5.57,3.77,DHFUL,0
2.97,7.47,7.09,2.42,10.0,4.34,4.29,2.44,DHFCH,0
8.17,3.62,5.76,0.54,5.42,2.51,5.46,3.67,SLFCL,1
7.13,2.87,4.25,6.37,10.0,3.19,4.81,6.83,SLMUH,1
6.8,7.41,0.9,2.64,5.27,4.66,2.58,6.48,SHMCL,0
5.85,2.21,8.82,7.96,6.21,5.27,8.67,5.27,SLFUL,0
3.9,2.93,2.39,7.25,8.46,7.01,4.52,5.76,DLMUH,0
1.52,8.6,3.5,2.87,10.0,5.32,5.83,4.53,DHMCH,0
7.88,1.87,1.87,3.72,9.88,3.47,5.27,1.44,SLMCH,0
6.67,2.09,7.59,3.5,4.64,2.24,2.13,3.11,SLFCL,0
2.86,1.35,6.61,5.29,5.34,3.18,5.2,5.56,DLFUL,0
1.95,7.92,8.23,1.13,10.0,4.75,4.86,5.04,DHFCH,0
6.3,2.25,7.91,9.08,9.34,5.83,6.32,4.71,SLFUH,0
5.13,3.85,4.92,7.41,3.84,3.02,6.92,3.82,DLMUL,1
7.91,2.84,2.1,6.71,8.92,5.12,2.87,8.53,SLMUL,1
6.06,5.31,8.86,1.76,4.62,5.92,1.51,2.21,SLFCL,1
6.16,4.93,8.18,5.33,10.0,5.03,6.16,5.44,SLFUH,1
7.08,2.24,6.43,8.25,9.37,4.05,4.51,5.53,SLFUH,0
7.9,1.82,7.33,4.48,9.65,6.3,5.81,5.41,SLFCH,0
7.25,3.24,3.28,6.13,4.85,4.46,2.95,3.79,SLMUL,1
8.54,8.3,8.52,0.0,10.0,5.95,8.69,3.83,SHFCH,0
6.91,8.63,6.72,6.68,9.52,5.06,3.82,7.98,SHFUH,0
7.83,7.69,6.49,3.05,5.15,5.83,4.94,5.62,SHFCL,1
6.12,0.69,1.77,2.22,8.99,7.44,5.03,5.27,SLMCH,1
2.21,8.26,3.37,7.14,5.2,6.77,7.84,6.11,DHMUL,0
3.01,3.28,8.79,6.96,5.56,7.04,2.54,5.92,DLFUL,0
9.45,1.83,3.4,8.66,5.42,3.56,7.11,6.84,SLMUL,0
2.24,1.29,6.74,6.3,4.89,4.94,6.07,4.06,DLFUL,1
8.05,0.0,3.14,1.94,9.77,4.98,4.71,4.85,SLMCH,0
1.51,8.72,1.3,4.0,9.46,6.55,5.92,5.69,DHMCH,1
3.91,8.09,7.47,3.04,9.66,5.53,4.69,3.95,DHFCH,0
3.63,5.13,7.23,1.2,9.27,8.86,6.17,4.6,DHFCH,1
4.33,4.7,1.67,6.65,4.95,5.92,6.88,5.46,SHMUL,1
3.11,6.96,1.55,10.0,4.57,5.15,2.76,5.17,DHMUL,0
7.62,6.05,8.44,3.33,9.62,4.34,5.16,4.11,SHFCH,1
2.4,6.32,7.46,5.18,8.58,6.78,5.55,4.47,DHFUH,0
5.37,3.66,6.73,5.07,4.55,4.24,4.54,4.26,SLFCL,1
2.79,2.66,5.59,3.18,4.78,5.35,6.31,4.16,DLFCL,1
5.93,3.14,1.96,3.65,3.56,3.82,2.47,3.76,SLMCL,0
6.48,0.64,2.6,3.43,6.08,5.77,4.44,3.66,SLMCL,0
1.35,6.02,1.88,1.12,8.47,5.93,4.99,4.28,DHMCH,1
2.49,6.98,7.61,8.17,9.29,6.35,3.09,6.76,DHFUH,0
7.19,7.02,1.17,8.28,10.0,4.96,4.54,5.65,SHMUH,0
2.07,2.59,5.99,5.8,9.33,7.7,2.31,4.58,DLFUH,1
7.38,2.26,7.76,7.96,10.0,7.11,5.5,7.57,SLFUH,0
0.74,7.34,8.73,1.24,10.0,3.74,5.13,3.17,DHFCH,0
1.89,8.38,2.48,7.46,4.5,4.91,3.85,5.26,DHMUL,0
3.43,1.03,4.13,8.47,9.41,3.21,6.58,5.71,DLMUH,0
7.78,3.27,1.36,1.38,5.27,5.09,5.82,4.72,SLMCL,0
7.12,6.99,2.09,2.25,7.97,6.37,2.4,6.29,SHMCL,1
8.21,3.02,1.91,8.56,8.99,7.01,4.12,4.28,SLMUH,0
2.0,0.63,8.28,0.95,8.73,5.77,6.59,4.76,DLFCH,0
0.62,7.18,1.63,2.62,4.66,4.75,7.82,4.75,DHMCL,0
7.86,8.44,6.78,5.59,5.31,5.73,6.06,3.49,SHFCL,1
2.61,1.24,2.33,8.88,6.01,6.08,3.21,5.74,DLMUL,0
5.01,1.73,1.94,5.79,9.75,2.93,6.26,3.63,DLMCH,0
3.51,7.86,4.28,9.12,5.22,5.69,6.19,3.11,DHMUL,1
4.12,6.54,8.21,4.75,8.1,4.3,6.27,4.49,DHFCH,1
8.81,3.84,3.02,7.04,4.86,3.79,3.51,3.43,SLMUL,0
2.11,6.9,4.15,1.76,8.71,6.19,4.68,8.06,DHMCH,0
6.75,2.72,2.47,7.72,5.3,4.06,7.2,4.6,SLMUL,0
7.75,7.01,1.85,7.63,4.75,3.34,4.5,5.51,SHMUL,0
6.23,1.63,6.69,5.62,10.0,3.6,3.53,3.3,SLFUH,1
1.42,7.87,1.71,7.95,8.67,3.34,5.52,6.5,DHMUH,0
8.6,8.42,7.88,8.77,3.59,4.56,4.54,6.73,SHFUL,0
8.02,2.83,7.68,4.08,9.83,6.25,5.72,4.55,SLFCH,1
4.13,7.7,7.2,7.35,8.91,5.08,5.69,3.71,DHFUH,1
3.94,9.19,3.29,7.83,10.0,4.62,4.41,4.81,DHMUH,0
3.48,1.57,3.37,7.66,4.94,5.61,5.4,4.54,DLMUL,1
7.59,9.29,2.86,3.46,4.57,3.72,5.69,6.48,SHMCL,0
8.84,2.18,8.34,8.93,8.85,4.76,1.79,4.73,SLFUH,0
8.35,5.94,7.92,1.76,8.72,4.51,3.59,5.7,SLFCH,0
7.49,7.06,4.05,2.18,9.47,8.71,4.71,5.83,SHMCH,0
4.9,7.05,8.36,6.01,10.0,6.56,6.59,4.38,DHFUH,1
8.39,1.7,2.5,8.21,9.01,6.64,5.11,4.75,SLMUH,0
2.32,4.4,3.32,2.11,5.31,4.6,4.82,6.24,DLMCL,1
6.59,3.28,6.05,8.74,4.75,2.9,7.39,4.9,SLFUL,0
7.92,2.12,7.65,1.47,9.24,4.52,3.13,5.58,SLFCH,0
3.72,6.99,2.76,7.73,10.0,4.8,6.24,2.44,DHMUH,0
8.12,2.16,5.26,3.06,5.0,8.9,5.33,7.15,SLMCL,1
5.62,1.37,9.22,8.19,9.54,7.8,7.94,4.95,SLFUH,0
2.07,10.0,8.06,2.04,5.28,3.48,7.26,4.01,DHFCL,0
5.06,2.23,7.22,4.37,9.06,5.52,4.13,4.12,SLFCH,1
1.89,7.46,7.63,2.08,9.82,3.57,3.56,5.56,DHFCH,0
2.46,8.05,1.06,2.75,9.46,6.84,4.19,4.64,DHMCH,0
2.08,2.17,1.2,3.9,8.65,4.7,6.57,4.95,DLMCH,0
2.93,4.14,9.19,1.14,9.29,2.65,7.28,6.52,DLFCH,0
1.62,2.01,2.5,2.62,8.48,4.65,6.19,4.43,DLMCH,0
2.61,7.88,1.94,8.83,9.85,3.66,7.82,5.15,DHMUH,0
3.86,1.77,2.97,1.66,9.96,3.46,5.06,5.08,DLMCH,0
7.63,2.87,5.68,5.05,7.78,6.45,4.46,4.27,SLMCL,1
3.56,7.41,1.39,5.05,8.85,4.9,5.52,5.4,DHMCH,0
1.42,7.54,8.35,5.56,4.77,6.51,2.82,5.34,DHFUL,0
4.73,4.22,7.52,7.33,8.99,5.5,4.57,3.64,DLFUH,1
7.66,8.57,1.68,8.95,10.0,4.36,3.34,2.83,SHMUH,0
0.8,8.93,4.06,8.25,7.75,4.75,3.7,6.85,DHMUL,1
2.39,7.45,8.21,2.43,4.32,4.79,5.1,5.17,DHFCL,0
6.9,4.43,7.15,7.63,4.71,7.48,4.84,5.22,SLFUL,0
3.23,7.67,1.11,7.31,4.1,4.92,2.52,5.79,DHMUL,0
3.62,2.41,6.39,3.69,5.38,3.1,7.67,5.99,DLFCL,0
4.9,5.28,2.19,1.46,9.55,5.71,2.81,3.66,DLMCH,1
8.6,2.9,2.71,8.7,5.28,5.1,7.22,5.17,SLMUL,0
3.48,6.13,7.25,7.6,4.7,5.42,8.85,4.82,DHFUL,0
1.18,6.46,6.97,8.64,4.98,4.27,6.84,7.33,DHFUL,0
8.21,8.27,3.9,3.23,8.7,8.01,6.6,4.24,SHMCH,0
2.8,6.76,7.53,0.9,5.85,3.98,8.05,4.95,DHFCL,0
4.43,3.13,2.78,6.05,4.56,6.05,9.27,4.44,DLMUL,1
2.62,6.87,3.76,4.02,10.0,4.39,3.57,6.92,DHMCH,0
2.77,6.76,4.08,7.86,5.43,4.86,6.62,5.01,DHMUL,1
3.53,7.45,7.47,1.92,5.07,5.48,3.82,4.81,DHFCL,0
4.34,3.07,3.23,2.77,10.0,5.78,7.64,5.78,DLMCH,1
3.12,7.73,6.12,2.81,9.17,5.32,5.08,5.71,DHFCH,0
4.63,7.56,2.61,2.09,7.36,2.68,5.98,4.58,DHMCL,1
1.76,5.97,2.51,2.27,10.0,3.35,3.44,3.46,DHMCH,1
1.14,1.11,6.29,2.51,10.0,4.1,4.28,4.68,DLFCH,0
1.31,2.66,4.15,7.32,5.27,5.82,3.45,5.77,DLMUL,0
3.62,5.79,6.63,4.25,7.96,4.45,4.37,6.73,DLFCH,1
2.61,7.86,7.19,6.5,9.03,4.18,3.94,6.99,DHFUH,0
5.31,2.05,7.57,1.2,6.02,6.68,5.45,2.98,DLFCL,0
2.98,2.24,5.39,3.27,5.73,5.97,3.68,6.01,DLFCL,0
2.36,3.57,2.66,2.34,4.38,2.49,4.27,4.92,DLMCL,0
1.96,6.34,1.54,2.94,7.45,4.69,5.16,8.67,DHMCL,1
4.07,0.67,7.56,2.52,10.0,6.96,4.72,6.22,DLFCH,1
7.18,2.51,2.7,6.16,4.19,2.69,3.67,3.55,SLMUL,1
6.48,7.78,7.4,0.37,9.27,6.75,4.32,4.75,SHFCH,0
5.55,5.65,6.74,7.4,9.03,3.42,5.1,8.65,SHFUH,1
2.41,2.07,6.54,9.56,4.89,8.17,7.09,2.39,DLFUL,0
1.86,6.79,8.92,9.41,9.57,4.6,4.1,5.0,DHFUH,0
9.61,8.25,6.47,7.73,9.96,4.66,6.26,6.22,SHFUH,0
7.72,6.36,3.81,2.69,9.1,4.75,4.21,6.97,SHMCH,0
7.22,4.05,7.06,2.6,5.68,8.16,4.13,4.97,SLFCL,0
7.97,5.94,6.93,3.93,8.87,3.88,5.02,5.42,SHFCH,0
8.32,6.79,8.55,0.98,4.25,6.06,7.51,5.74,SHFCL,0
7.11,5.56,0.93,4.59,3.94,6.13,5.19,8.58,SHMCL,1
7.41,2.74,4.97,9.12,10.0,5.25,8.89,3.98,SLFUH,1
4.43,3.0,2.8,7.74,8.73,6.43,1.33,4.12,DLMUH,0
6.16,2.51,3.07,3.41,9.04,5.03,5.28,7.32,SLMCH,0
7.55,4.91,8.93,3.68,9.96,7.65,2.84,7.06,SLFCH,0
3.15,2.43,3.08,2.32,9.03,5.17,3.11,5.81,DLMCH,0
0.45,2.45,1.66,1.28,4.47,4.5,6.37,3.01,DLMCL,0
0.36,7.28,7.53,8.05,10.0,5.28,3.64,2.27,DHFUH,0
4.89,6.44,5.6,3.79,4.5,4.97,4.12,5.4,DHFCL,0
2.89,3.51,7.89,7.55,4.83,5.55,4.53,6.3,DLFUL,0
8.89,7.85,2.47,8.34,5.68,3.76,4.88,2.27,SHMUL,0
1.96,3.47,2.78,7.8,9.43,3.82,3.55,7.59,DLMUH,0
6.93,2.58,7.9,7.89,9.45,4.02,4.17,3.3,SLFUH,1
7.89,7.78,2.01,8.33,4.06,4.9,4.15,3.98,SHMUL,0
8.23,4.47,3.87,6.51,10.0,5.95,5.51,4.38,SLMUH,1
1.14,1.9,2.14,8.29,9.18,4.36,2.88,5.73,DLMUH,0
8.13,3.1,8.75,5.31,3.97,3.89,4.08,3.72,SLFCL,0
4.49,5.88,4.91,9.56,4.46,8.08,2.83,3.78,DHFUL,1
1.31,7.26,2.69,6.8,5.86,6.36,5.44,7.69,DHMUL,0
8.15,8.23,2.79,2.69,9.56,4.14,5.49,8.04,SHMCH,0
4.37,1.92,7.22,5.79,5.29,7.16,6.1,6.44,SLFUL,1
1.74,4.91,2.59,0.92,9.3,4.74,2.82,4.09,DLMCH,1
2.2,2.34,7.05,3.31,9.88,6.75,4.5,6.8,DLFCH,0
1.11,1.87,3.58,7.86,4.82,5.67,4.91,5.02,DLMUL,0
8.25,6.39,3.48,2.41,8.91,7.0,7.19,5.4,SHMCH,0
2.4,9.07,8.51,7.79,9.04,3.76,7.96,3.49,DHFUH,0
5.51,4.74,4.62,8.89,4.85,5.01,6.33,6.68,SLMUL,1
7.52,8.06,2.91,1.99,9.68,7.25,5.31,2.55,SHMCH,0
0.63,6.25,7.61,8.48,4.66,7.36,3.92,4.64,DHFUL,0
3.41,6.74,4.0,6.64,9.8,6.55,5.68,2.94,DHMUH,0
3.07,3.04,7.28,1.41,9.84,5.92,6.34,5.47,DLFCH,0
8.08,1.5,3.78,6.66,5.17,2.54,1.94,5.48,SLMUL,0
7.78,3.5,7.37,2.57,5.34,3.54,6.11,6.23,SLFCL,0
7.7,1.41,2.9,2.56,4.22,4.92,4.88,7.7,SLMCL,0
2.83,6.71,2.53,3.07,5.37,7.33,6.92,3.5,DHMCL,0
7.36,5.43,8.34,7.79,4.61,5.06,5.57,7.58,SHFUL,1
7.26,6.91,2.42,8.81,10.0,6.12,6.63,7.57,SHMUH,0
5.81,2.31,2.2,3.53,8.39,4.43,4.28,6.44,SLMCH,0
7.36,8.25,0.71,4.02,10.0,7.28,3.1,5.15,SHMUH,1
4.02,6.38,3.53,8.04,10.0,2.56,7.85,2.64,DHMUH,1
7.7,4.85,2.16,8.15,4.86,6.07,3.72,3.04,SHMUL,0
7.44,7.86,7.09,6.91,9.35,4.3,8.27,6.37,SHFUH,0
5.78,2.57,2.56,9.36,8.76,4.43,3.61,3.45,SLMUH,0
3.57,6.44,5.48,1.74,8.77,7.74,4.98,6.4,DHFCH,0
1.65,7.86,2.65,2.43,9.46,4.86,4.45,5.21,DHMCH,0
7.66,2.9,4.93,6.72,8.62,5.13,2.38,4.51,SLMUH,1
7.74,1.89,3.95,2.06,5.02,5.4,4.07,5.71,SLMCL,0
3.49,6.94,3.31,3.18,4.43,6.46,6.05,5.15,DHMCL,0
7.97,1.62,7.13,3.63,10.0,3.41,4.79,5.31,SLFCH,0
3.33,2.2,2.57,1.8,5.59,3.23,6.17,4.71,DLMCL,0
2.3,8.33,6.17,0.83,5.49,4.1,4.41,2.21,DHFCL,0
2.9,0.71,2.06,8.26,5.18,5.89,4.9,6.75,DLMUL,0
7.48,7.46,2.67,5.14,6.13,4.78,5.87,2.93,SHMUL,0
6.58,2.23,2.26,6.96,8.47,3.98,7.08,4.43,SLMUH,0
7.62,7.24,5.96,1.02,4.65,4.99,4.09,5.94,SHFCL,0
6.8,7.38,0.88,0.16,5.57,3.52,4.32,2.92,SHMCL,0
0.34,8.06,10.0,8.12,4.31,5.42,3.08,6.85,DHFUL,0
2.99,4.29,7.34,1.95,10.0,4.13,4.73,6.08,DLFCH,0
0.34,7.46,1.48,7.6,4.35,5.64,5.03,7.1,DHMUL,0
8.14,2.46,6.6,7.14,9.03,5.44,9.03,5.83,SLFUH,0
8.42,4.01,2.03,4.23,10.0,2.06,4.86,7.19,SHMCH,1
4.2,1.64,7.27,7.03,9.24,6.42,4.06,3.85,DLFUH,1
8.28,6.69,3.38,1.13,5.2,5.27,4.08,4.97,SHMCL,0
2.0,5.84,1.45,1.48,5.03,4.59,4.49,5.93,DHMCL,0
4.18,6.44,5.42,5.66,5.87,7.51,5.53,7.94,DHFUL,1
1.71,3.27,2.3,6.78,9.93,6.43,4.97,3.78,DLMUH,0
7.24,2.79,6.8,5.7,5.19,4.72,4.03,5.78,SLFUL,1
7.32,6.09,3.49,4.76,4.73,4.07,5.22,5.84,SHMUL,0
9.34,4.01,3.41,7.35,9.13,5.03,5.88,6.23,SLMUH,0
7.42,2.66,6.96,7.05,9.03,5.71,4.85,5.65,SLFUH,0
5.99,7.85,8.88,7.32,9.18,6.39,3.52,4.97,SHFUH,0
1.95,2.69,0.95,6.93,10.0,3.93,6.22,1.5,DLMUH,0
8.13,5.01,2.41,5.58,10.0,4.08,4.14,3.73,SHMUH,1
7.82,2.31,6.78,7.79,4.8,7.53,7.01,5.95,SLFUL,0
7.77,6.76,3.7,6.82,8.96,5.35,3.97,5.01,SHMUH,0
8.08,7.3,7.91,5.82,10.0,8.36,6.37,5.31,SHFUH,1
3.1,1.3,7.43,9.17,6.03,6.48,5.51,3.49,DLFUL,0
6.87,7.58,8.11,4.46,9.42,4.94,7.29,4.18,SHFCH,0
3.12,3.69,3.54,7.5,10.0,3.99,2.27,3.99,DLMUH,0
3.03,3.07,0.57,6.14,6.18,3.43,5.92,3.97,DLMUL,0
1.97,7.48,4.28,3.75,9.4,3.19,7.01,4.93,DHMCH,0
5.74,7.51,7.22,3.15,10.0,4.87,4.64,5.78,SHFCH,0
2.68,1.59,6.8,5.61,4.34,6.52,8.35,6.09,DLFUL,0
5.05,3.31,2.17,3.93,6.1,4.5,7.86,5.05,SLMCL,1
2.88,1.77,5.14,7.14,10.0,4.02,6.19,6.8,DLFUH,0
3.88,3.79,4.62,7.55,8.81,4.72,5.88,4.25,DLMUH,1
6.22,2.3,1.87,2.1,9.05,4.57,5.8,4.82,SLMCH,0
7.33,3.55,3.48,3.85,10.0,6.13,3.53,1.72,SLMCH,1
8.16,4.7,7.75,7.1,4.63,2.23,4.58,6.72,SLFUL,0
6.93,3.46,2.37,2.62,7.69,4.41,5.51,5.7,SLMCH,0
1.64,5.49,6.15,4.1,8.18,3.26,3.98,3.8,DLFCL,1
1.81,6.01,7.64,0.74,4.86,6.93,2.14,3.08,DHFCL,0
6.42,8.37,5.32,3.05,5.66,6.11,6.36,3.27,SHFCL,1
2.09,6.14,8.35,7.08,9.89,6.4,5.41,8.59,DHFUH,0
7.15,2.98,10.0,3.98,5.67,4.42,3.68,6.18,SLFCL,0
6.02,1.59,5.3,2.23,8.37,4.13,0.85,5.36,SLMCH,0
2.45,5.63,1.71,3.37,9.26,6.59,4.71,4.96,DHMCH,1
6.42,8.08,4.86,4.51,9.32,7.78,3.53,5.64,SHMUH,1
2.71,8.26,7.21,7.49,4.6,6.36,3.96,7.23,DHFUL,0
6.46,5.44,6.6,4.01,10.0,5.35,4.04,4.67,SHFCH,0
7.3,10.0,7.68,2.95,9.08,6.53,6.14,6.15,SHFCH,0
2.36,7.08,4.88,2.62,9.39,6.91,5.01,3.12,DHFCH,0
1.56,8.58,6.4,9.76,9.13,7.58,4.72,7.37,DHFUH,0
4.95,8.81,6.78,7.23,4.87,5.22,3.95,5.66,DHFUL,0
2.99,5.49,3.08,5.12,9.02,5.45,4.77,5.66,DLMUH,1
8.04,1.47,2.74,1.08,5.27,3.79,3.08,6.07,SLMCL,0
6.71,6.59,7.8,3.22,10.0,5.64,2.24,4.21,SHFCH,1
7.29,9.33,5.77,8.42,4.94,4.5,2.95,5.89,SHFUL,0
2.13,6.6,7.33,4.34,4.24,3.25,3.05,7.59,DHFCL,0
7.78,2.66,3.28,3.31,4.03,1.63,6.5,6.78,SLMCL,0
6.21,4.44,1.07,0.73,5.07,6.69,4.98,1.61,SHMCL,1
3.24,5.68,5.71,2.42,9.38,5.87,5.03,5.87,DHFCH,0
1.9,7.51,3.29,2.68,4.61,6.84,7.37,5.74,DHMCL,0
6.0,0.0,2.88,2.93,9.79,4.21,7.23,4.31,SLMCH,0
3.31,6.03,8.13,1.72,6.84,3.37,3.11,5.77,DHFCL,1
7.04,6.17,4.48,6.9,4.66,4.9,5.1,4.42,SHMUL,0
3.65,8.03,3.63,7.83,9.74,2.33,4.52,4.66,DHMUH,0
1.94,4.23,7.25,1.71,4.83,5.3,3.85,3.79,DLFCL,1
6.73,1.32,3.05,5.74,5.33,6.23,5.65,4.67,SLMUL,0
2.39,4.04,7.76,0.79,4.57,6.16,4.58,4.23,DLFCL,1
6.09,8.13,1.99,2.51,8.72,5.18,6.39,3.79,SHMCH,0
7.9,6.04,2.11,4.21,8.47,5.84,5.17,5.49,SHMCL,1
6.52,2.76,5.11,2.89,9.46,4.54,9.02,2.69,SLFCH,1
1.56,8.67,1.7,8.48,9.24,5.21,2.92,4.09,DHMUH,0
2.63,2.09,6.0,3.03,8.31,3.45,4.14,6.2,DLFCH,0
0.47,6.34,8.9,7.38,4.93,6.12,7.47,6.46,DHFUL,1
9.03,3.87,8.1,6.6,6.09,4.47,4.6,7.16,SLFUL,0
6.63,5.99,1.18,6.08,5.67,6.79,5.48,7.24,SHMUL,1
1.33,3.19,7.5,2.02,9.32,3.96,6.33,2.87,DLFCH,0
5.23,5.07,1.68,4.09,9.94,4.23,3.75,6.09,DHMCH,1
7.45,5.5,7.5,7.11,4.66,4.17,2.9,3.87,SLFUL,1
7.6,2.93,6.84,7.07,10.0,6.64,5.1,3.21,SLFUH,0
7.27,3.99,1.68,6.78,8.82,2.78,5.46,5.3,SLMUH,0
1.02,0.17,3.52,3.25,8.03,5.3,6.63,6.99,DLMCL,1
7.21,4.73,6.99,6.49,9.4,4.63,3.79,8.9,SLFUH,0
2.31,3.35,6.8,8.29,5.49,6.58,5.21,9.86,DLFUL,0
7.45,7.63,2.54,2.76,10.0,3.23,4.49,6.0,SHMCH,0
1.18,1.5,2.9,1.59,4.77,6.95,4.47,6.11,DLMCL,0
2.37,6.55,1.53,4.01,8.91,6.62,4.35,4.96,DHMCH,0
8.28,6.23,1.09,9.17,5.21,4.37,3.6,4.23,SHMUL,0
1.85,9.39,7.66,2.73,9.62,6.5,5.86,5.66,DHFCH,0
5.17,7.74,4.4,2.05,5.16,6.54,4.75,4.13,SHMCL,0
7.74,7.6,2.09,7.41,9.03,5.02,5.09,3.65,SHMUH,0
0.79,6.12,3.76,2.2,10.0,5.87,6.56,5.93,DHFCH,1
8.52,7.08,6.93,3.66,4.82,6.66,5.64,4.49,SHFCL,0
6.69,1.96,7.32,2.59,5.36,6.62,4.56,4.32,SLFCL,0
8.46,2.29,2.33,1.17,9.38,3.11,2.23,3.37,SLMCH,0
6.8,7.08,8.52,7.64,9.7,2.55,5.98,5.43,SHFUH,0
6.96,6.85,4.41,5.58,9.67,3.18,4.39,4.04,SHMUH,0
8.03,5.84,4.54,5.57,9.9,5.13,4.05,5.41,SLMUH,1
3.16,1.63,8.32,7.85,8.98,4.89,4.18,5.52,DLFUH,0
7.2,7.86,0.38,8.39,4.59,6.83,4.28,4.93,SHMUL,0
7.15,6.38,2.58,1.58,10.0,5.0,4.77,5.89,SHMCH,0
9.34,4.37,2.5,7.78,8.91,5.96,7.64,2.71,SLMUH,0
6.83,3.0,7.76,6.91,9.6,4.33,4.46,2.51,SLFUH,0
9.61,7.15,2.05,8.61,10.0,3.73,4.61,4.25,SHMUH,0
2.34,8.93,8.87,2.74,4.51,7.36,4.91,5.19,DHFCL,0
9.07,6.05,8.91,6.33,4.32,4.65,4.52,2.66,SHFUL,0
6.18,5.55,1.41,6.69,4.03,3.9,1.98,3.47,SHMUL,0
6.68,2.96,3.73,0.3,10.0,4.79,2.17,0.5,SLMCH,0
6.64,2.63,10.0,3.24,9.07,4.97,3.73,6.33,SLFCH,1
7.57,2.63,3.26,6.05,9.56,3.39,4.91,9.54,SLMUH,1
0.89,5.22,3.29,8.17,10.0,3.98,4.15,4.82,DHMUH,0
5.19,2.73,1.77,0.66,9.02,3.88,3.84,6.46,SLMCH,1
7.14,1.74,2.66,7.74,9.17,4.78,8.24,8.18,SLMUH,0
7.3,7.66,3.07,1.76,9.62,5.41,2.67,5.38,SHMCH,0
5.66,7.76,6.91,1.59,8.16,5.92,2.82,4.33,SHFCL,1
6.82,2.76,3.02,6.09,9.2,5.36,3.65,5.65,SLMUH,0
8.1,7.48,6.33,7.42,9.61,2.19,5.25,4.85,SHFUH,0
3.51,2.33,8.54,2.89,4.16,5.98,3.37,7.12,DLFCL,1
7.61,7.1,7.94,7.03,10.0,3.86,6.65,5.82,SHFUH,1
2.58,6.84,4.92,5.89,9.83,5.06,4.68,2.54,DHMUH,1
3.42,0.57,6.03,8.09,9.33,7.25,5.92,5.45,DLFUH,0
0.73,8.18,7.82,7.44,4.77,3.66,6.09,3.24,DHFUL,0
1.78,2.31,0.14,4.22,9.37,5.68,7.19,5.45,DLMCH,0
3.75,6.99,6.82,5.44,8.97,4.04,3.8,3.23,DHFUL,1
6.63,2.74,6.65,7.31,8.39,0.0,8.62,5.85,SLFUL,1
1.26,1.01,6.04,8.02,8.74,5.75,5.8,3.52,DLFUL,1
10.0,7.24,6.04,1.8,4.97,5.82,5.83,6.01,SHFCL,0
9.82,4.3,1.52,7.65,8.42,3.03,3.2,4.66,SLMUH,1
7.75,5.66,3.37,1.97,7.26,2.93,4.2,3.13,SHMCL,1
2.28,2.75,7.02,6.56,4.29,2.52,4.65,2.8,DLFUL,0
5.69,8.13,6.81,5.31,9.17,5.57,2.77,3.11,SHFUH,1
3.99,4.29,6.96,7.92,8.16,2.9,5.58,4.98,DHFUL,1
8.32,0.0,7.99,3.56,9.15,4.35,3.39,4.22,SLFCH,0
6.48,7.31,0.76,2.54,9.38,4.14,7.38,3.27,SHMCH,0
6.72,8.59,3.8,4.76,4.74,1.06,4.82,4.74,SHMUL,1
2.69,1.61,9.12,7.13,9.11,4.37,3.12,4.3,DLFUH,0
8.15,1.36,2.85,7.71,9.58,3.98,6.78,8.08,SLMUH,0
9.37,1.61,9.62,7.89,9.24,3.66,4.67,2.07,SLFUH,0
6.93,6.59,8.11,8.87,8.84,5.37,2.14,2.79,SHFUH,0
2.85,9.12,8.94,7.89,4.82,4.05,4.55,5.82,DHFUL,0
7.09,2.04,3.74,2.46,9.55,4.34,5.69,7.02,SLMCH,0
0.27,1.41,6.76,7.57,4.43,4.23,3.16,5.26,DLFUL,0
6.24,3.24,7.4,6.7,5.35,5.26,5.79,3.96,SLFUL,1
3.26,5.73,9.07,7.64,9.87,6.09,3.94,3.63,DHFUH,0
6.49,8.15,8.56,6.07,5.7,2.03,1.16,4.4,SHFUL,1
6.1,6.32,9.57,7.53,8.04,3.25,6.62,3.84,SHFUL,1
2.04,4.67,8.13,2.6,9.56,4.4,4.14,4.45,DHFCH,0
7.48,3.21,7.86,0.64,9.39,4.18,3.77,5.23,SLFCH,1
1.77,2.99,7.74,2.41,4.74,6.19,4.65,4.54,DLFCL,0
3.44,4.11,1.65,2.59,8.78,3.45,2.81,3.4,DLMCH,1
7.29,6.7,2.93,2.94,4.68,3.45,8.46,5.49,SHMCL,0
3.76,4.11,4.77,3.47,9.76,4.33,5.92,6.81,DLMCH,1
2.2,2.09,7.59,0.58,5.29,5.0,5.06,6.44,DLFCL,0
3.45,8.15,8.6,1.37,8.48,4.99,9.35,6.9,DHFCH,0
3.12,6.6,5.64,1.63,9.84,6.46,4.78,2.93,DHMCH,1
2.54,2.6,5.58,7.06,9.63,4.24,4.78,3.81,DLFUH,1
8.4,8.35,7.47,5.8,9.36,4.97,5.43,3.89,SHFUH,0
7.03,3.37,5.56,2.58,8.97,4.39,5.46,3.32,SLFCH,0
0.36,2.28,3.64,7.52,4.7,6.33,6.46,6.97,DLMUL,0
7.15,6.25,3.02,7.09,9.12,3.86,5.39,5.06,SHMUH,0
7.74,3.56,1.85,6.87,5.11,5.62,3.76,4.89,SLMUL,0
3.14,3.18,7.13,2.79,9.61,5.9,5.91,1.09,DLFCH,0
2.39,7.85,3.27,2.62,5.08,6.24,4.91,3.91,DHMCL,0
7.16,2.53,2.8,8.05,4.92,4.82,7.07,6.81,SLMUL,0
2.63,2.43,6.17,1.03,8.54,1.1,5.31,4.28,DLFCL,1
3.17,7.08,8.1,2.15,10.0,5.61,5.39,5.19,DHFCH,0
5.81,7.96,7.32,7.54,9.65,6.8,6.47,3.88,SHFUH,0
6.98,7.56,6.25,5.26,9.77,1.83,6.28,7.34,SHFUH,0
7.1,2.74,2.77,1.36,4.71,7.16,3.26,1.83,SLMCL,0
5.87,2.39,7.8,1.51,8.78,4.83,6.84,5.9,DLFCH,1
5.64,2.53,2.53,2.38,5.73,0.99,5.59,7.34,SLMCL,0
2.6,4.2,6.16,3.27,3.86,5.33,7.36,5.73,DLFCL,0
4.1,7.92,8.23,3.67,4.3,6.13,4.56,1.23,DHFCL,0
3.54,0.65,7.62,7.03,4.74,7.96,2.71,5.57,DLFUL,1
3.1,3.59,1.37,7.72,9.28,4.85,6.3,6.46,DLMUH,0
4.12,7.86,2.28,3.69,3.7,1.98,6.19,5.09,DHMCL,0
2.07,4.11,7.63,9.19,8.57,5.28,4.41,5.21,DLFUH,1
7.12,7.79,2.25,2.46,5.05,3.98,5.8,9.37,SHMCL,0
3.81,2.01,8.16,2.1,5.07,6.11,4.31,6.49,DLFCL,0
3.92,2.55,8.59,1.81,10.0,5.41,5.65,5.2,DLFCH,0
2.33,8.01,2.26,7.9,9.67,5.18,9.15,6.37,DHMUH,0
3.22,3.92,7.04,2.6,3.8,5.4,3.4,5.3,DLFCL,0
3.04,7.83,1.87,2.93,8.85,5.95,7.07,7.45,DHMCH,0
3.64,2.97,3.51,2.66,8.41,5.08,5.0,3.92,DLMCL,1
4.3,1.38,6.57,1.28,5.7,9.29,5.55,5.87,DLFCL,1
8.13,5.82,4.36,7.73,9.7,5.64,6.64,5.08,SHMUH,1
8.4,4.75,4.2,8.52,5.25,5.22,6.64,3.9,SHMUL,1
2.12,8.52,3.53,2.68,5.58,5.41,4.16,6.05,DHMCL,0
8.52,7.9,7.12,5.58,10.0,3.43,7.07,5.81,SHFUH,0
6.98,8.28,8.55,2.43,5.03,6.14,5.2,3.06,SHFCL,0
6.77,3.87,8.63,7.53,4.73,6.69,3.51,5.59,SLFUL,0
8.5,7.52,6.67,1.25,9.01,5.59,5.52,3.8,SHFCH,0
1.86,9.19,1.45,7.93,8.01,7.64,3.64,3.9,DHMUL,1
8.07,3.38,8.27,7.09,5.16,4.6,5.66,5.51,SLFUL,0
8.81,7.18,0.57,1.23,3.35,4.65,4.72,4.36,SHMCL,0
2.15,3.63,9.16,1.75,9.34,5.53,5.73,4.22,DLFCH,0
7.99,7.64,7.4,1.67,4.96,6.89,4.82,3.67,SHFCL,0
4.26,9.59,5.84,5.45,4.38,6.48,5.43,4.05,DHFUL,1
8.32,5.61,3.66,8.32,5.75,4.92,6.52,2.79,SHMUL,0
1.73,5.55,1.16,7.91,5.35,8.7,4.07,4.6,DHMUL,1
6.0,9.97,5.97,2.21,5.0,5.38,5.65,8.12,SHFCL,1
7.15,1.48,2.4,3.63,3.63,2.76,3.62,7.19,SLMCL,0
6.0,3.35,2.71,2.75,9.58,3.12,4.86,5.33,DLMCH,1
7.95,2.04,9.48,1.76,9.43,5.96,6.34,6.92,SLFCH,0
5.63,1.15,2.24,2.43,9.02,5.12,4.35,6.64,SLMCH,0
4.07,7.33,6.17,3.16,9.97,7.35,6.92,7.92,DHFCH,0
7.79,2.12,3.92,5.66,5.06,7.99,4.83,2.4,SLMUL,0
3.51,2.6,7.27,8.84,8.4,6.91,3.68,5.32,DLFUH,0
2.4,0.99,5.5,8.24,4.55,6.31,6.66,4.07,DLFUL,0
9.5,1.32,1.66,2.74,5.97,3.17,5.37,7.73,SLMCL,0
2.57,6.88,1.56,5.88,4.78,5.85,3.96,8.78,DHMUL,0
7.54,6.68,3.39,7.12,4.84,5.91,4.72,4.65,SHMUL,0
4.44,3.22,3.96,6.65,5.14,3.59,4.66,6.16,DLMUL,0
4.63,1.21,1.4,4.34,6.74,3.24,4.45,5.51,DLMCL,0
2.18,2.25,8.49,7.03,4.6,4.0,5.57,7.29,DLFUL,1
5.41,2.91,3.21,0.37,5.16,3.78,4.38,4.08,DLMCL,1
2.37,7.51,8.36,7.4,6.08,4.77,4.64,4.74,DHFUL,0
6.04,9.42,5.84,4.99,4.45,6.47,6.46,3.51,DHFCL,1
2.57,8.91,6.73,8.53,4.63,4.06,6.82,6.49,DHFUL,1
5.3,7.4,8.57,4.53,8.79,4.27,6.33,3.2,SHFCH,1
8.39,2.51,2.75,2.54,4.88,3.38,4.77,3.88,SLMCL,0
7.27,5.21,3.26,6.85,4.73,4.63,6.93,2.17,SHMUL,1
2.79,2.9,7.72,7.9,9.82,4.59,5.12,7.61,DLFUH,0
3.55,2.82,6.62,7.4,5.86,7.56,7.22,6.18,DLFUL,0
8.25,6.27,1.45,5.75,8.72,5.38,5.76,2.86,SHMUL,1
2.88,6.14,7.06,7.53,4.85,3.73,5.93,3.79,DHFUL,1
2.87,7.82,1.6,7.16,9.82,4.68,4.57,7.86,DHMUH,0
9.28,6.89,2.67,8.35,4.41,4.18,5.27,9.29,SHMUL,0
8.61,3.4,7.57,9.98,9.28,2.59,2.88,7.21,SLFUH,0
6.13,8.17,6.78,2.14,10.0,6.51,5.86,5.57,SHFCH,0
6.36,3.06,1.86,6.35,4.51,4.09,6.69,6.46,SLMUL,1
1.86,7.44,1.43,2.96,5.87,4.88,4.7,3.33,DHMCL,0
5.97,2.48,2.43,3.13,9.17,3.34,4.38,5.05,SLMCH,0
6.84,3.73,7.35,3.43,9.5,4.58,4.08,7.38,SLFCH,1
8.37,0.0,7.88,10.0,4.09,4.64,4.99,4.31,SLFUL,0
7.07,2.87,7.01,6.14,8.21,6.94,5.39,6.24,SLFCL,1
4.99,7.97,1.91,6.52,10.0,3.12,6.32,6.06,DHMUH,1
6.72,9.33,6.37,3.83,4.61,8.02,5.89,3.48,SHFCL,0
3.23,6.92,4.76,3.07,4.67,3.32,3.22,5.13,DHMCL,1
4.79,7.13,6.26,6.79,5.75,7.23,3.28,4.31,SHFUL,1
3.14,6.96,4.75,7.27,5.66,4.22,3.69,5.23,DHFUL,1
2.46,8.16,8.34,2.61,10.0,6.1,6.67,6.48,DHFCH,0
8.07,2.39,6.56,2.89,9.46,4.06,5.06,4.81,SLFCH,0
2.3,6.35,2.59,6.04,4.38,3.87,6.27,4.46,DHMUL,0
2.12,2.82,6.7,2.15,5.15,6.27,5.48,6.89,DLFCL,0
8.38,7.19,8.14,7.72,5.43,2.98,4.78,4.91,SHFUL,0
6.8,8.47,2.53,2.28,8.07,5.59,7.1,5.27,SHMCL,1
1.02,2.33,0.84,6.44,5.5,4.93,4.52,3.88,DLMUL,0
2.62,7.1,7.23,2.48,4.61,6.04,7.15,4.3,DHFCL,0
2.4,8.44,4.78,2.69,10.0,7.81,6.1,7.53,DHFCH,0
1.4,8.45,2.96,8.0,9.12,5.26,2.99,4.81,DHMUH,0
6.53,9.54,7.07,7.53,10.0,2.05,4.64,4.14,SHFUH,0
8.15,3.19,3.11,1.12,8.97,4.69,3.91,3.4,SLMCH,0
1.38,2.97,1.19,2.93,10.0,4.25,3.55,4.29,DLMCH,0
8.75,3.63,4.21,0.16,8.64,6.15,2.67,4.51,SLMCH,1
7.48,3.84,2.48,3.59,10.0,6.0,2.32,6.67,SLMCH,0
2.06,6.85,2.97,8.07,3.94,7.76,3.21,7.29,DHMUL,1
8.92,8.11,7.67,8.74,4.95,5.05,7.58,7.43,SHFUL,0
6.06,6.54,7.26,4.59,9.61,4.63,8.33,2.44,SHFUH,1
6.82,7.92,2.79,2.13,9.44,6.79,4.92,5.8,SHMCH,1
4.06,4.4,5.45,6.18,9.06,5.02,4.21,6.72,DHFUH,1
8.63,2.53,1.94,6.98,9.16,4.29,3.1,4.61,SLMUH,0
2.46,9.34,3.29,6.9,9.94,5.46,6.96,4.21,DHMUH,0
7.66,3.58,1.65,2.83,4.98,5.47,3.75,2.62,SLMCL,0
9.77,2.71,6.72,7.91,4.72,2.91,6.05,6.68,SLFUL,0
3.13,3.23,3.69,6.85,4.92,4.74,3.06,4.6,DLMUL,0
3.52,6.96,7.09,2.54,5.69,5.03,3.2,5.82,DHFCL,0
7.25,10.0,8.26,7.66,5.58,4.16,5.16,4.03,SHFUL,1
2.71,5.62,6.7,2.56,9.02,5.0,5.67,4.61,DHFCH,1
7.32,1.55,7.35,8.34,9.2,5.66,3.38,6.17,SLFUH,0
4.17,4.78,7.73,1.19,9.16,4.44,5.89,3.58,DLFCH,1
2.66,8.54,6.41,2.68,5.77,2.4,5.27,4.12,DHFCL,0
3.47,8.74,3.63,3.11,5.36,5.78,3.35,6.05,DHMCL,0
2.69,7.27,8.25,7.15,10.0,4.05,2.24,6.51,DHFUH,1
5.83,3.33,4.43,8.36,9.23,7.14,4.2,7.12,SLMUH,1
1.68,8.07,6.74,9.79,9.43,3.24,3.52,6.72,DHFUH,0
2.6,1.09,1.18,6.12,5.29,8.1,7.04,2.16,DLMUL,0
2.91,7.27,2.58,2.51,5.27,6.75,7.47,5.46,DHMCL,0
1.18,0.96,2.39,9.06,4.89,6.96,5.53,5.71,DLMUL,0
2.13,2.44,4.53,4.23,4.08,6.3,4.51,4.91,DLMCL,1
6.5,6.21,2.91,1.4,8.84,6.26,5.79,3.12,SHMCH,0
0.55,0.53,7.77,2.49,5.1,4.31,6.0,6.4,DLFCL,0
2.62,3.71,1.9,3.27,9.53,7.24,6.94,5.3,DLMCH,0
1.65,6.22,8.02,7.91,7.88,4.55,6.2,5.22,DHFUH,0
0.48,7.32,7.41,4.08,9.89,8.53,5.61,3.85,DHFCH,1
1.67,6.72,8.99,7.26,9.43,6.16,2.5,5.08,DHFUH,0
6.09,8.68,2.18,2.3,4.71,4.13,6.04,5.38,SHMCL,0
2.46,5.2,5.28,7.27,5.36,4.63,6.98,5.95,DLMUL,1
1.14,6.71,3.8,3.34,5.89,4.59,3.27,4.64,DHMCL,0
2.41,6.53,6.54,5.65,8.11,7.46,4.23,5.44,DHFCL,1
4.58,7.45,3.59,5.18,5.59,5.81,4.98,4.53,DHMUL,1
3.65,1.77,2.44,5.98,9.14,4.55,6.44,6.85,DLMUL,1
1.51,2.17,9.11,3.55,8.52,7.03,7.02,3.24,DLFCH,0
2.89,6.96,3.29,6.8,4.38,2.36,2.65,3.66,DHMUL,0
7.36,7.45,2.55,7.65,8.99,6.4,5.31,4.93,SHMUH,0
3.09,6.35,2.41,3.44,5.52,5.32,6.33,5.74,DHMCL,0
4.9,0.95,6.06,2.47,4.71,5.13,9.15,6.25,SLFCL,1
7.86,6.77,2.22,1.0,4.38,4.19,6.84,4.04,SHMCL,0
5.79,1.98,7.83,7.96,10.0,5.42,2.13,6.74,SLFUH,1
7.45,3.67,6.46,2.42,5.41,1.43,6.55,3.23,SLFCL,0
5.37,6.23,6.47,8.22,8.85,3.56,5.04,2.93,DHFUL,1
6.99,2.99,4.48,5.56,10.0,4.65,5.52,2.88,SLMUH,0
3.22,2.34,8.06,6.87,4.9,5.25,5.37,5.74,DLFUL,0
8.2,6.55,2.87,6.98,8.04,3.86,4.76,7.83,SHMUL,1
7.9,1.96,3.07,7.88,5.52,6.07,5.88,4.85,SLMUL,0
0.82,0.18,3.33,5.43,9.34,6.25,7.1,5.8,DLMUH,1
6.91,1.11,4.09,2.8,9.36,6.14,5.71,5.41,SLMCH,0
6.84,10.0,7.7,5.31,9.73,3.92,6.75,5.82,SHFUH,0
1.23,2.59,6.27,0.32,4.77,2.3,3.87,3.64,DLFCL,0
3.58,3.23,2.77,5.89,4.86,3.18,3.57,4.58,DLMUL,1
7.57,7.53,4.38,9.61,8.94,6.18,3.56,4.23,SHMUL,1
6.62,7.91,7.72,8.57,5.45,6.61,5.91,5.31,SHFUL,0
1.42,8.49,9.6,5.74,4.79,6.9,2.83,5.85,DHFUL,0
2.25,3.33,8.29,3.99,9.17,5.83,5.65,5.01,DLFCH,1
1.86,2.22,3.99,1.63,5.58,2.48,4.5,5.24,DLMCL,0
3.84,2.74,1.15,5.94,6.0,4.86,4.03,4.59,DLMUL,0
1.18,8.66,6.13,6.02,9.78,4.33,4.37,3.85,DHFUH,1
7.4,6.29,1.26,1.82,9.2,4.71,7.75,5.35,SHMCH,1
6.68,2.28,10.0,9.22,8.64,5.83,6.2,4.49,SLFUH,0
4.06,2.22,2.97,6.47,4.91,5.12,3.83,3.71,DLMUL,1
5.24,7.72,6.57,2.99,4.23,5.05,4.58,5.45,SHFCL,0
7.04,7.3,7.38,2.45,10.0,1.48,5.05,4.88,SHFCH,0
6.34,2.06,7.32,1.86,5.35,4.33,6.47,5.42,SLFCL,0
6.54,7.51,6.41,7.24,4.92,4.01,5.1,5.94,SHFUL,0
1.07,8.26,3.26,8.47,9.68,5.96,8.28,4.55,DHMUH,0
7.78,5.31,8.05,1.92,5.37,5.66,4.91,4.34,SHFCL,1
1.36,2.14,1.09,3.11,9.6,2.53,5.53,4.92,DLMCH,0
2.98,6.85,1.18,8.65,9.23,5.03,4.08,6.92,DHMUH,0
8.65,0.0,7.06,2.45,9.1,6.3,6.8,2.88,SLFCH,0
1.56,9.11,8.12,9.62,4.73,5.19,4.01,5.21,DHFUL,0
4.29,7.96,3.71,6.57,9.61,3.46,6.62,4.83,DHMUH,1
7.71,8.53,8.77,2.78,9.43,6.34,3.64,3.92,SHFCH,0
8.24,6.34,6.59,2.65,5.58,6.86,4.0,6.41,SHFCL,0
3.06,1.52,3.49,3.67,9.61,2.76,4.83,5.29,DLMCH,0
7.42,7.44,5.89,3.62,9.39,5.26,6.35,2.79,SHFCH,1
3.94,0.63,3.06,3.03,10.0,2.63,7.41,4.16,DLMCH,0
2.18,9.88,0.7,4.56,9.43,7.65,5.3,6.05,DHMUH,1
2.89,7.11,5.88,2.61,5.65,3.2,5.96,5.5,DHFCL,0
7.18,2.72,2.3,1.92,5.15,4.24,4.06,5.47,SLMCL,0
2.02,9.11,6.35,8.17,3.4,4.9,8.12,6.99,DHFUL,1
8.7,5.63,0.37,3.12,5.33,5.46,6.47,3.25,SHMCL,1
7.84,2.07,6.04,5.95,10.0,7.22,7.01,3.99,SLFUH,0
3.58,6.89,7.29,7.3,9.83,6.19,5.19,6.32,DHFUH,0
2.71,5.7,6.07,3.06,8.73,6.96,5.8,3.71,DHFCH,1
6.83,8.64,8.27,0.89,4.81,5.25,6.17,6.37,SHFCL,0
0.95,2.95,7.05,1.42,4.67,6.61,5.9,4.8,DLFCL,0
2.17,3.8,3.08,5.93,5.71,5.66,7.62,5.66,DLMCL,1
8.25,2.08,1.27,7.78,10.0,4.03,3.91,6.83,SLMUH,0
1.54,3.7,7.14,8.93,9.51,5.97,5.84,3.76,DLFUH,0
6.4,2.26,7.39,4.09,4.79,1.34,5.76,3.95,SLFCL,0
5.86,7.74,2.42,2.06,3.23,3.13,6.68,4.0,SHMCL,0
4.21,4.35,3.45,3.21,9.38,4.94,4.49,5.93,DLMCH,0
2.75,8.28,7.99,8.79,8.07,4.79,5.26,6.34,DHFUL,1
1.56,3.42,2.16,3.56,8.83,3.98,5.57,6.76,DLMCH,0
2.56,2.61,7.72,3.27,5.33,5.07,3.79,5.1,DLFCL,0
3.67,3.25,4.32,3.23,4.06,4.9,3.24,4.22,DLMCL,0
8.78,3.54,4.9,7.43,9.34,3.05,6.04,5.18,SLMUH,0
5.77,6.24,8.55,2.03,4.33,5.34,4.22,4.29,SHFCL,0
8.21,6.73,0.85,6.38,5.0,3.76,5.56,2.29,SHMUL,0
2.55,3.68,0.22,4.79,9.1,3.63,5.5,6.84,DLMCH,1
7.32,1.81,9.0,3.25,5.39,5.93,4.94,5.3,SLFCL,0
7.23,5.78,8.32,6.41,5.9,7.73,4.63,5.66,SHFUL,0
7.11,4.12,3.04,9.07,7.48,3.97,5.63,5.6,SLMUL,1
3.3,4.41,6.8,6.51,4.57,4.62,1.47,4.69,DLFUL,0
7.26,6.6,7.82,7.18,5.2,4.97,4.0,5.19,SHFUL,1
0.61,1.7,1.65,7.65,8.77,7.52,5.07,4.82,DLMUH,0
7.97,5.03,7.69,8.16,3.99,4.27,6.84,5.6,SLFUL,0
2.96,1.84,3.84,2.12,4.28,5.73,4.3,5.02,DLMCL,1
2.22,1.87,2.32,8.26,4.86,4.25,4.7,3.09,DLMUL,0
4.42,2.24,7.28,1.6,4.65,5.02,6.32,2.75,DLFCL,1
2.8,8.04,2.7,3.34,8.52,4.8,2.92,5.42,DHMCH,0
4.27,1.97,4.43,2.52,5.96,4.64,3.46,5.27,DLMCL,1
8.55,7.38,8.11,8.17,4.73,6.64,3.86,6.17,SHFUL,0
3.66,6.67,7.9,2.81,8.74,6.13,6.71,5.0,DHFCL,1
2.26,7.32,2.23,4.27,4.94,4.63,1.85,3.66,DHMCL,0
1.97,3.4,8.25,7.99,9.91,1.87,7.38,4.69,DLFUH,0
8.18,1.52,6.55,7.25,10.0,5.24,4.59,7.32,SLFUH,0
8.48,1.64,1.92,9.05,9.4,5.05,4.74,6.7,SLMUH,0
7.95,5.62,2.83,1.2,9.38,3.54,4.41,4.4,SLMCH,0
6.59,8.32,3.42,3.15,5.45,4.59,3.61,3.7,SHMCL,0
0.58,3.63,7.44,1.31,4.65,3.47,6.3,6.1,DLFCL,0
3.09,3.21,3.29,2.15,4.72,6.29,4.71,3.09,DLMCL,0
7.49,3.2,1.46,2.49,4.87,3.18,2.65,6.03,SLMCL,0
6.38,2.04,2.21,4.44,8.86,3.56,5.52,4.39,SLMCL,1
4.48,0.0,7.43,3.38,9.74,2.04,4.03,5.71,SLFCH,1
5.46,6.27,9.0,2.9,4.54,4.74,5.02,6.1,SHFCL,0
5.95,7.46,5.3,2.18,5.08,4.46,3.34,5.1,SHFCL,1
5.93,7.57,3.05,3.4,3.8,2.48,5.32,3.93,SHMCL,1
1.41,6.67,3.99,9.32,10.0,6.98,6.82,5.84,DHMUH,0
3.24,1.09,4.87,8.03,9.12,3.61,6.36,6.42,DLFUH,1
7.31,8.44,6.75,7.37,9.62,4.84,1.31,2.58,SHFUH,1
7.69,1.97,6.93,3.14,8.06,6.2,2.19,2.88,SLFCH,0
6.45,1.59,1.44,8.56,9.26,5.36,8.0,4.98,SLMUH,0
2.79,3.02,3.65,7.81,9.22,4.51,3.02,7.49,DLMUH,0
2.18,7.52,8.26,7.52,4.82,4.95,6.34,4.01,DHFUL,0
3.91,8.08,1.58,4.58,10.0,5.03,2.68,2.33,DHMUH,1
4.57,6.59,2.8,6.39,8.61,6.59,5.41,2.22,DHMUL,1
8.65,3.7,8.88,7.96,10.0,4.08,8.19,6.15,SLFUH,0
2.81,2.33,0.92,7.51,4.34,2.4,5.21,5.73,DLMUL,0
9.17,2.93,7.95,7.55,4.8,4.76,5.2,7.58,SLFUL,0
5.81,5.92,7.59,8.05,10.0,6.29,3.9,5.9,SLFUH,1
2.74,6.35,8.12,0.86,8.4,4.82,4.68,5.41,DHFCH,0
7.44,7.05,5.82,7.39,10.0,2.43,4.96,4.92,SHFUH,0
2.52,1.71,2.05,9.34,10.0,3.97,4.3,3.08,DLMUH,0
1.52,8.7,2.29,7.78,8.97,4.96,2.94,5.15,DHMUH,0
2.23,1.06,3.79,5.43,10.0,5.21,6.54,5.45,DLMUH,1
2.57,9.21,7.27,7.33,5.51,3.01,4.67,4.32,DHFUL,0
0.97,1.2,6.72,0.36,10.0,5.55,4.96,1.71,DLFCH,0
7.22,6.28,3.75,7.0,9.7,6.26,5.71,1.71,SHMUH,0
4.51,4.08,6.58,1.46,4.98,4.86,3.65,4.54,SLFCL,1
6.94,1.22,4.18,4.23,5.82,5.38,7.03,5.02,SLMCL,0
6.99,2.14,6.93,5.46,9.1,1.9,2.6,6.14,SLFCH,0
7.25,2.55,2.57,2.66,9.14,4.17,4.82,4.93,SLMCH,0
3.13,6.68,4.09,4.28,9.78,4.6,5.99,7.37,DHMCH,1
9.15,8.09,5.0,5.6,4.58,5.98,5.26,2.87,SHMUL,1
2.38,2.15,7.36,7.1,8.74,3.87,4.38,6.49,DLFUH,1
8.54,2.97,7.65,8.3,5.01,9.77,5.23,5.29,SLFUL,0
6.47,6.93,3.04,2.28,9.64,3.84,6.3,3.22,SHMCH,1
1.51,3.41,7.8,7.88,4.43,3.85,6.39,7.66,DLFUL,0
3.27,1.94,4.03,8.82,9.91,3.74,3.47,4.51,DLMUH,0
6.02,3.35,2.49,1.96,9.95,4.75,3.25,7.77,SLMCH,0
7.43,2.13,8.58,1.96,5.69,5.81,5.37,5.22,SLFCL,0
9.15,3.05,5.63,8.16,9.05,6.04,3.96,4.92,SLFUH,0
7.54,2.41,7.23,3.29,4.08,4.22,6.03,4.08,SLFCL,0
6.81,3.1,1.82,8.51,4.85,4.03,3.12,5.38,SLMUL,0
8.1,2.52,6.51,7.73,5.61,5.65,5.25,3.8,SLFUL,0
7.83,7.34,7.86,7.47,9.83,5.28,4.49,1.96,SHFUH,0
6.57,1.89,7.21,6.36,9.93,5.07,5.37,3.9,SLFUH,1
7.5,6.85,3.09,6.68,9.82,5.62,4.72,5.85,SHMUH,0
7.45,5.76,8.33,1.54,9.22,4.68,5.06,4.48,SHFCH,0
5.52,7.88,3.3,4.86,4.34,7.42,5.15,4.07,DHMUL,1
3.0,9.14,7.85,8.14,5.43,3.27,3.56,3.37,DHFUL,0
5.25,6.82,1.64,2.98,4.08,5.58,5.15,4.78,DHMCL,1
6.71,1.4,7.73,2.65,5.35,8.28,5.42,5.73,SLFCL,0
1.84,6.29,8.48,2.58,4.48,6.21,4.16,2.89,DHFCL,0
4.89,2.02,2.1,6.99,5.66,6.29,5.12,4.44,SLMUL,0
9.07,1.73,6.61,3.07,9.13,4.6,6.31,4.18,SLFCH,0
2.09,8.29,1.71,8.58,10.0,6.89,5.56,4.27,DHMUH,0
5.58,5.41,8.66,2.96,9.29,6.15,6.22,4.71,DLFCH,1
7.58,4.75,2.62,6.16,8.7,5.83,4.27,5.52,SLMUH,1
3.96,2.33,6.67,6.57,8.4,4.06,3.52,5.18,DLFUH,1
1.94,6.67,6.61,2.96,9.33,8.12,6.88,6.96,DHFCH,0
7.91,6.3,6.71,2.73,9.91,4.27,6.24,2.31,SHFCH,0
